2070.02644683,1,-9300.58300781,18021.7207031,10055.3125,187500.0,22025.2304688,28856.6835938,59574.1054688,187500.0
2070.02866164,2,-9401.0546875,17996.484375,9994.53808594,187500.0,21941.3886719,28758.4472656,59491.828125,187500.0
2070.03107567,3,-9826.20703125,17469.3867188,9473.22851562,187500.0,21565.6777344,28340.4921875,59095.7539062,187500.0
2070.0332085,4,-9956.71875,17216.2519531,9257.66796875,187500.0,21449.5390625,28215.5019531,58964.4375,187500.0
2070.03532202,5,-9648.64453125,17535.3242188,9584.69628906,187500.0,21718.4980469,28518.1210938,59239.2539062,187500.0
2070.03747761,6,-9300.49414062,18025.5410156,10051.7578125,187500.0,22022.0332031,28847.2734375,59565.140625,187500.0
2070.04119235,7,-9423.40625,17966.1757812,9961.52441406,187500.0,21914.2988281,28717.2304688,59455.2148438,187500.0
2070.0436581,8,-9845.65332031,17438.25,9443.41113281,187500.0,21546.0078125,28306.9648438,59059.3203125,187500.0
2070.07052137,9,-9972.76757812,17190.5253906,9232.76757812,187500.0,21438.5195312,28192.2109375,58933.90625,187500.0
2070.07322889,10,-9666.12402344,17505.8632812,9558.25390625,187500.0,21706.875,28495.5683594,59208.8320312,187500.0
2070.07567823,11,-9322.21972656,17984.8398438,10019.3037109,187500.0,22005.4707031,28819.8261719,59533.9375,187500.0
2070.07832106,12,-9449.46777344,17912.1523438,9922.453125,187500.0,21897.0878906,28687.0996094,59423.921875,187500.0
2070.08127404,13,-9863.35546875,17389.8574219,9413.16894531,187500.0,21540.6210938,28288.5019531,59041.0820312,187500.0
2070.08377505,14,-9974.86816406,17157.6015625,9220.94433594,187500.0,21450.1425781,28193.6640625,58930.9335938,187500.0
2070.0861697,15,-9656.98144531,17488.09375,9562.20996094,187500.0,21732.6914062,28517.8984375,59219.71875,187500.0
2070.08828196,16,-9311.26757812,17972.859375,10029.1611328,187500.0,22038.7089844,28851.8769531,59550.0976562,187500.0
2070.09035548,17,-9429.39648438,17917.0019531,9947.26367188,187500.0,21944.6738281,28738.9121094,59457.046875,187500.0
2070.09233821,18,-9839.88574219,17403.5371094,9444.81933594,187500.0,21593.0585938,28347.3535156,59082.4570312,187500.0
2070.09433813,19,-9952.046875,17176.9355469,9256.72949219,187500.0,21500.5898438,28251.9121094,58976.53125,187500.0
2070.09635789,20,-9644.68847656,17496.5878906,9586.39453125,187500.0,21768.0742188,28555.2246094,59253.9375,187500.0
2070.09834839,21,-9294.2578125,17988.7734375,10059.0449219,187500.0,22076.6171875,28889.8085938,59589.9960938,187500.0
2070.1005158,22,-9423.85351562,17917.9863281,9959.95996094,187500.0,21965.0820312,28758.7148438,59482.5507812,187500.0
2070.10272114,23,-9826.25195312,17417.4628906,9466.5,187500.0,21616.5292969,28375.9648438,59112.609375,187500.0
2070.13023607,24,-9928.01855469,17208.2285156,9290.43554688,187500.0,21532.2402344,28293.5761719,59015.0429688,187500.0
2070.13259552,25,-9609.12695312,17548.0644531,9635.52441406,187500.0,21811.4140625,28612.9160156,59303.15625,187500.0
2070.13474794,26,-9267.01074219,18035.5117188,10100.7753906,187500.0,22106.7460938,28937.2617188,59626.71875,187500.0
2070.13682692,27,-9414.44335938,17941.6777344,9977.32714844,187500.0,21971.8984375,28778.5195312,59493.9960938,187500.0
2070.13891408,28,-9826.74316406,17421.3515625,9465.02539062,187500.0,21608.0800781,28373.1484375,59106.75,187500.0
2070.1411917,29,-9922.11816406,17215.515625,9292.93847656,187500.0,21529.8710938,28291.8984375,59010.9960938,187500.0
2070.14351334,30,-9610.08789062,17544.5332031,9627.54492188,187500.0,21800.5957031,28600.3085938,59293.546875,187500.0
2070.14633465,31,-9254.24804688,18052.0957031,10109.5371094,187500.0,22115.6210938,28942.5800781,59633.6054688,187500.0
2070.14864389,32,-9392.89550781,17983.1191406,10003.6123047,187500.0,21998.7441406,28807.6660156,59517.375,187500.0
2070.15101011,33,-9812.16992188,17463.2617188,9489.63378906,187500.0,21630.7226562,28396.3710938,59127.875,187500.0
2070.15337278,34,-9914.25,17251.8359375,9310.91015625,187500.0,21542.3652344,28302.8515625,59022.4414062,187500.0
2070.15564702,35,-9606.93652344,17573.7675781,9640.93359375,187500.0,21801.9804688,28600.7558594,59291.890625,187500.0
2070.15785277,36,-9254.67285156,18073.4648438,10116.2431641,187500.0,22108.8710938,28936.3222656,59623.5,187500.0
2070.16047592,37,-9407.0,17976.078125,9986.51367188,187500.0,21973.1289062,28779.1894531,59488.40625,187500.0
2070.16373118,38,-9814.89648438,17461.3613281,9480.78320312,187500.0,21617.265625,28383.09375,59107.890625,187500.0
2070.19100935,39,-9904.50488281,17268.734375,9320.38671875,187500.0,21546.6796875,28312.4414062,59024.0273438,187500.0
2070.1930163,40,-9592.56445312,17597.9316406,9655.19335938,187500.0,21815.9511719,28617.8105469,59304.5664062,187500.0
2070.19498742,41,-9250.58203125,18083.2089844,10118.2324219,187500.0,22112.3789062,28941.3964844,59630.5429688,187500.0
2070.19694166,42,-9415.38183594,17963.7832031,9971.76171875,187500.0,21962.1308594,28767.4550781,59483.265625,187500.0
2070.19874455,43,-9798.37890625,17480.71875,9494.46191406,187500.0,21634.6777344,28403.6796875,59128.6132812,187500.0
2070.20058182,44,-9891.4296875,17282.9277344,9327.09277344,187500.0,21559.1289062,28326.6777344,59039.203125,187500.0
2070.20238237,45,-9569.96679688,17628.1289062,9675.75683594,187500.0,21840.7382812,28645.8398438,59330.1367188,187500.0
2070.20440052,46,-9238.55664062,18106.1875,10129.6542969,187500.0,22127.2890625,28957.1542969,59644.9609375,187500.0
2070.20626554,47,-9416.99121094,17971.1152344,9966.375,187500.0,21964.4335938,28765.3085938,59480.8085938,187500.0
2070.20803604,48,-9811.87890625,17467.2167969,9471.30566406,187500.0,21619.4570312,28380.9707031,59109.6132812,187500.0
2070.20979987,49,-9903.05175781,17266.0527344,9301.74511719,187500.0,21539.3925781,28299.4980469,59017.1679688,187500.0
2070.21165219,50,-9581.34375,17608.234375,9647.48242188,187500.0,21817.8945312,28618.1894531,59306.7539062,187500.0
2070.213438,51,-9238.35644531,18101.984375,10116.1533203,187500.0,22116.9609375,28947.4980469,59635.0351562,187500.0
2070.21519485,52,-9410.28515625,17978.9824219,9961.09960938,187500.0,21959.0019531,28767.7011719,59479.1992188,187500.0
2070.21697337,53,-9805.59863281,17477.7011719,9466.1875,187500.0,21613.3769531,28383.3398438,59109.3242188,187500.0
2070.24899735,54,-9889.61914062,17288.1582031,9309.50195312,187500.0,21544.3320312,28310.8984375,59026.3085938,187500.0
2070.25096055,55,-9573.07324219,17630.4296875,9657.65234375,187500.0,21821.0253906,28625.5878906,59314.4882812,187500.0
2070.25275105,56,-9238.4453125,18115.4863281,10119.5283203,187500.0,22114.0117188,28947.2070312,59637.2265625,187500.0
2070.25470581,57,-9410.01757812,17998.1601562,9972.18652344,187500.0,21965.2597656,28775.8144531,59490.3320312,187500.0
2070.25667136,58,-9819.90332031,17479.3320312,9464.06347656,187500.0,21609.7558594,28377.4609375,59110.6640625,187500.0
2070.25846389,59,-9909.78027344,17279.5527344,9299.84570312,187500.0,21536.7324219,28297.8671875,59023.3359375,187500.0
2070.26029235,60,-9586.41699219,17626.6074219,9655.26074219,187500.0,21825.2714844,28620.828125,59320.0117188,187500.0
2070.26206655,61,-9236.32226562,18127.6679688,10136.1357422,187500.0,22136.921875,28961.3789062,59658.7734375,187500.0
2070.2638122,62,-9404.18359375,18009.4707031,9989.73242188,187500.0,21991.7480469,28793.2480469,59515.0273438,187500.0
2070.2655653,63,-9798.1328125,17509.8867188,9502.6875,187500.0,21653.2070312,28416.1074219,59152.8203125,187500.0
2070.26732757,64,-9870.95507812,17338.6738281,9365.64941406,187500.0,21597.2832031,28361.1679688,59086.078125,187500.0
2070.26908911,65,-9556.44335938,17677.7265625,9709.32910156,187500.0,21870.3769531,28669.8457031,59371.2382812,187500.0
2070.27092215,66,-9228.25292969,18151.1367188,10160.7900391,187500.0,22155.2949219,28980.1757812,59683.2695312,187500.0
2070.27268952,67,-9396.89648438,18025.765625,10011.0107422,187500.0,22006.4765625,28808.515625,59532.2382812,187500.0
2070.27445247,68,-9789.32617188,17524.0800781,9522.26757812,187500.0,21663.9589844,28431.1953125,59166.7890625,187500.0
2070.31034614,69,-9857.1640625,17354.9667969,9385.69824219,187500.0,21608.59375,28376.8574219,59098.28125,187500.0
2070.31219778,70,-9531.11914062,17710.2265625,9742.52148438,187500.0,21893.0410156,28700.0429688,59392.453125,187500.0
2070.31397245,71,-9198.14550781,18193.6054688,10198.9667969,187500.0,22182.1835938,29016.7226562,59708.8398438,187500.0
2070.31573154,72,-9378.09863281,18060.1875,10033.0722656,187500.0,22022.1230469,28834.4648438,59548.265625,187500.0
2070.317475,73,-9781.48144531,17543.1015625,9526.29101562,187500.0,21668.2050781,28441.4765625,59168.4882812,187500.0
2070.31923529,74,-9844.24511719,17380.1796875,9395.46679688,187500.0,21618.8535156,28391.8125,59103.1757812,187500.0
2070.3210686,75,-9537.73535156,17706.4042969,9725.6015625,187500.0,21877.6640625,28685.5136719,59372.9179688,187500.0
2070.32282555,76,-9204.85058594,18180.9765625,10177.1513672,187500.0,22164.4140625,28995.7109375,59682.9335938,187500.0
2070.32458532,77,-9378.65820312,18053.9277344,10016.3310547,187500.0,22008.9140625,28818.9765625,59525.78125,187500.0
2070.32634415,78,-9785.48242188,17529.8691406,9503.82714844,187500.0,21643.7753906,28414.7441406,59139.2304688,187500.0
2070.32810366,79,-9842.50097656,17374.6816406,9381.92089844,187500.0,21596.2109375,28369.4824219,59078.4765625,187500.0
2070.32986863,80,-9529.64355469,17712.5957031,9723.79101562,187500.0,21864.2753906,28671.7226562,59357.6484375,187500.0
2070.33182558,81,-9204.44824219,18184.0390625,10171.9208984,187500.0,22147.2929688,28978.0527344,59666.796875,187500.0
2070.33361624,82,-9379.93164062,18056.5,10013.4472656,187500.0,21997.3574219,28804.6035156,59514.15625,187500.0
2070.33538278,83,-9788.61132812,17534.1171875,9502.0390625,187500.0,21636.0859375,28401.8925781,59132.5,187500.0
2070.37132593,84,-9861.96972656,17355.8164062,9356.93164062,187500.0,21569.9707031,28330.1660156,59056.7304688,187500.0
2070.37317017,85,-9538.5625,17707.2753906,9712.19042969,187500.0,21853.1660156,28646.1523438,59348.3085938,187500.0
2070.37494551,86,-9209.58886719,18189.0234375,10169.6640625,187500.0,22145.1914062,28965.0898438,59666.328125,187500.0
2070.37673044,87,-9396.33789062,18049.4589844,10001.4443359,187500.0,21984.1914062,28781.8710938,59504.8359375,187500.0
2070.37847843,88,-9805.79980469,17525.0410156,9492.60742188,187500.0,21626.453125,28382.1113281,59124.6328125,187500.0
2070.38027591,89,-9872.34082031,17354.1171875,9360.75390625,187500.0,21569.6347656,28323.9746094,59057.6914062,187500.0
2070.38220947,90,-9557.09179688,17691.9199219,9709.01660156,187500.0,21842.1464844,28630.125,59340.28125,187500.0
2070.38401023,91,-9228.23046875,18165.4414062,10164.03125,187500.0,22136.6757812,28944.90625,59654.9960938,187500.0
2070.38583609,92,-9400.38378906,18040.2265625,10011.5029297,187500.0,21992.8417969,28775.6367188,59507.0703125,187500.0
2070.38762029,93,-9802.93847656,17523.6328125,9508.3203125,187500.0,21643.0605469,28386.0234375,59132.34375,187500.0
2070.38937578,94,-9854.1015625,17370.0996094,9389.49804688,187500.0,21601.9335938,28345.5664062,59077.0898438,187500.0
2070.3912643,95,-9529.84472656,17727.1230469,9751.015625,187500.0,21885.9785156,28666.6484375,59372.1132812,187500.0
2070.39305255,96,-9221.03320312,18180.3046875,10181.2197266,187500.0,22153.9765625,28957.1542969,59667.7148438,187500.0
2070.39483649,97,-9413.07910156,18023.9765625,9998.80664062,187500.0,21980.28125,28756.4589844,59496.0976562,187500.0
2070.39657683,98,-9806.20214844,17513.375,9500.85449219,187500.0,21637.0703125,28377.5292969,59129.796875,187500.0
2070.42962387,99,-9848.17871094,17371.5078125,9391.48730469,187500.0,21605.4863281,28352.4726562,59086.9492188,187500.0
2070.43161989,100,-9537.57910156,17710.3828125,9736.26367188,187500.0,21872.9023438,28656.703125,59367.484375,187500.0
2070.43358533,101,-9225.77148438,18166.5136719,10172.1894531,187500.0,22148.6347656,28956.7070312,59667.625,187500.0
2070.43535208,102,-9400.76367188,18036.8515625,10017.8955078,187500.0,22001.2011719,28787.7285156,59518.203125,187500.0
2070.43710981,103,-9790.890625,17537.6484375,9529.80078125,187500.0,21666.3496094,28420.5332031,59160.7773438,187500.0
2070.43887442,104,-9842.12109375,17386.1933594,9411.1796875,187500.0,21622.6308594,28381.8652344,59107.9375,187500.0
2070.44074648,105,-9528.68261719,17724.2851562,9757.1171875,187500.0,21888.0800781,28684.6875,59388.3828125,187500.0
2070.44251765,106,-9213.9921875,18181.4003906,10192.8876953,187500.0,22161.9785156,28984.2675781,59688.1210938,187500.0
2070.44428018,107,-9401.5234375,18030.59375,10015.0566406,187500.0,21995.0332031,28795.2597656,59519.6328125,187500.0
2070.44605177,108,-9804.79394531,17503.4726562,9503.42578125,187500.0,21639.640625,28404.640625,59140.390625,187500.0
2070.4478042,109,-9840.51171875,17361.359375,9397.25488281,187500.0,21612.5507812,28382.78125,59099.421875,187500.0
2070.44955923,110,-9495.82617188,17743.3066406,9783.89453125,187500.0,21918.7910156,28730.4628906,59417.640625,187500.0
2070.45139472,111,-9189.69628906,18194.3867188,10211.5507812,187500.0,22184.9785156,29021.7949219,59714.609375,187500.0
2070.45315329,112,-9375.01464844,18047.7363281,10037.4082031,187500.0,22022.6367188,28837.0351562,59552.8242188,187500.0
2070.45489717,113,-9761.58789062,17547.5507812,9549.15722656,187500.0,21686.5566406,28466.890625,59195.6015625,187500.0
2070.49067428,114,-9795.89746094,17415.8984375,9447.2109375,187500.0,21657.0742188,28443.1757812,59156.9765625,187500.0
2070.49250712,115,-9471.12695312,17773.1914062,9805.84472656,187500.0,21935.1308594,28757.1953125,59448.84375,187500.0
2070.49426976,116,-9179.57128906,18204.5566406,10214.3222656,187500.0,22184.1953125,29024.8808594,59724.734375,187500.0
2070.49604546,117,-9378.61328125,18039.0644531,10019.125,187500.0,22006.9238281,28819.8691406,59542.6796875,187500.0
2070.49780481,118,-9773.61328125,17527.7460938,9518.66894531,187500.0,21659.1308594,28436.4042969,59171.4609375,187500.0
2070.49956859,119,-9809.64453125,17394.7089844,9414.80078125,187500.0,21625.2011719,28406.9882812,59128.4335938,187500.0
2070.50139164,120,-9476.78222656,17764.25,9785.28125,187500.0,21911.1464844,28732.4082031,59430.1367188,187500.0
2070.50318062,121,-9177.76074219,18210.7265625,10205.4931641,187500.0,22169.8691406,29016.453125,59717.828125,187500.0
2070.50495122,122,-9374.5,18051.0683594,10016.375,187500.0,21995.5019531,28818.2832031,59539.8164062,187500.0
2070.50669297,123,-9765.8125,17546.6328125,9524.63671875,187500.0,21653.2304688,28439.3769531,59172.8671875,187500.0
2070.50855456,124,-9798.625,17423.1621094,9429.93261719,187500.0,21624.0605469,28414.3203125,59132.9492188,187500.0
2070.5105988,125,-9474.88183594,17787.8535156,9794.06542969,187500.0,21901.7597656,28728.3398438,59424.5039062,187500.0
2070.5124257,126,-9179.97363281,18231.2890625,10210.0976562,187500.0,22159.1835938,29006.0605469,59706.2929688,187500.0
2070.51420344,127,-9388.60449219,18059.0019531,10006.4287109,187500.0,21974.7382812,28793.3828125,59517.734375,187500.0
2070.51597493,128,-9792.96972656,17535.6367188,9495.55761719,187500.0,21619.2773438,28395.34375,59137.2382812,187500.0
2070.55025685,129,-9812.43847656,17424.5253906,9415.02441406,187500.0,21606.0234375,28387.3632812,59114.2851562,187500.0
2070.55210323,130,-9480.13476562,17799.3203125,9791.78515625,187500.0,21894.0253906,28712.4921875,59417.8867188,187500.0
2070.55438695,131,-9198.05566406,18226.1484375,10197.4023438,187500.0,22140.4765625,28977.7617188,59690.0664062,187500.0
2070.55613427,132,-9411.91699219,18040.3164062,9987.96679688,187500.0,21951.1347656,28757.8222656,59497.8632812,187500.0
2070.55790164,133,-9810.87402344,17518.9179688,9483.48730469,187500.0,21604.5703125,28370.5332031,59125.1914062,187500.0
2070.55977271,134,-9825.51367188,17410.4882812,9406.97753906,187500.0,21599.6972656,28371.8515625,59107.46875,187500.0
2070.56188601,135,-9481.27441406,17801.3769531,9799.25097656,187500.0,21903.0117188,28716.4707031,59425.84375,187500.0
2070.56372104,136,-9206.95214844,18216.6484375,10191.2333984,187500.0,22142.0625,28974.0527344,59691.5195312,187500.0
2070.56549653,137,-9409.54785156,18042.3945312,9991.25195312,187500.0,21966.1328125,28771.03125,59510.0234375,187500.0
2070.56725708,138,-9794.89160156,17537.625,9502.01757812,187500.0,21632.0859375,28402.0273438,59151.5234375,187500.0
2070.56901701,139,-9815.03125,17419.2949219,9419.06933594,187500.0,21615.3671875,28392.6171875,59125.2382812,187500.0
2070.5708488,140,-9472.51269531,17803.2988281,9807.23046875,187500.0,21914.6113281,28730.4414062,59436.9765625,187500.0
2070.57262253,141,-9186.27636719,18233.234375,10211.7070312,187500.0,22165.1972656,29002.1933594,59711.5,187500.0
2070.57438146,142,-9384.15625,18069.9550781,10018.6777344,187500.0,21995.3007812,28807.5761719,59535.234375,187500.0
2070.57614805,143,-9783.93945312,17550.5898438,9511.91894531,187500.0,21645.09375,28419.5507812,59160.21875,187500.0
2070.60993467,144,-9803.96679688,17435.8574219,9427.31738281,187500.0,21629.0898438,28409.2460938,59132.0078125,187500.0
2070.61214365,145,-9468.08691406,17814.1621094,9805.79980469,187500.0,21918.65625,28736.6992188,59434.5390625,187500.0
2070.61401352,146,-9181.40332031,18244.0292969,10210.1201172,187500.0,22167.9902344,29007.6015625,59708.015625,187500.0
2070.61579725,147,-9403.37890625,18042.4179688,9984.97167969,187500.0,21968.03125,28778.3847656,59504.6132812,187500.0
2070.61756004,148,-9795.00390625,17525.3105469,9481.87792969,187500.0,21621.2441406,28394.046875,59131.7851562,187500.0
2070.61932361,149,-9807.43164062,17416.9941406,9402.10449219,187500.0,21609.8671875,28390.2460938,59110.0585938,187500.0
2070.62113556,150,-9458.40917969,17813.4238281,9796.43457031,187500.0,21914.0976562,28733.5019531,59427.9921875,187500.0
2070.62288949,151,-9186.99121094,18229.1894531,10185.3769531,187500.0,22149.1933594,28987.5078125,59687.5625,187500.0
2070.62465359,152,-9405.74804688,18034.0351562,9961.92675781,187500.0,21954.2851562,28765.5996094,59489.234375,187500.0
2070.62639611,153,-9783.29101562,17539.75,9481.02929688,187500.0,21626.2285156,28402.4726562,59138.1132812,187500.0
2070.62816224,154,-9796.70214844,17436.6191406,9407.35742188,187500.0,21614.2714844,28397.9804688,59118.5546875,187500.0
2070.6299306,155,-9454.74316406,17825.4707031,9797.35058594,187500.0,21909.1132812,28730.7753906,59427.6328125,187500.0
2070.63190401,156,-9189.36132812,18232.09375,10178.9394531,187500.0,22138.6660156,28978.1640625,59681.9296875,187500.0
2070.6338519,157,-9411.47070312,18031.1972656,9953.23144531,187500.0,21944.0703125,28753.6425781,59480.2734375,187500.0
2070.63569255,158,-9786.46582031,17544.1738281,9479.6875,187500.0,21621.6464844,28394.2480469,59133.4414062,187500.0
2070.66979776,159,-9797.70800781,17447.5253906,9411.00097656,187500.0,21615.5683594,28394.8515625,59117.6601562,187500.0
2070.67179757,160,-9462.29785156,17830.2988281,9792.76855469,187500.0,21903.3457031,28718.7050781,59422.2460938,187500.0
2070.67355989,161,-9197.4296875,18237.5253906,10174.4248047,187500.0,22132.8085938,28963.9492188,59675.828125,187500.0
2070.67534263,162,-9415.046875,18044.8535156,9954.03613281,187500.0,21942.171875,28749.1035156,59481.2109375,187500.0
2070.67708906,163,-9796.5234375,17545.2695312,9470.14355469,187500.0,21608.0117188,28379.5175781,59126.578125,187500.0
2070.67886154,164,-9814.58398438,17437.5117188,9393.29785156,187500.0,21595.3164062,28369.125,59102.5039062,187500.0
2070.6806899,165,-9468.51171875,17834.9707031,9789.81835938,187500.0,21897.0644531,28709.0058594,59419.2304688,187500.0
2070.6824631,166,-9217.859375,18224.8085938,10156.7001953,187500.0,22114.4355469,28941.6425781,59662.3476562,187500.0
2070.68438459,167,-9443.34375,18018.2109375,9929.06933594,187500.0,21919.484375,28716.5820312,59458.6796875,187500.0
2070.6862243,168,-9805.375,17541.7832031,9470.3671875,187500.0,21608.8398438,28373.5058594,59123.9179688,187500.0
2070.68798933,169,-9809.48730469,17448.7773438,9409.50292969,187500.0,21608.8164062,28381.5976562,59114.8867188,187500.0
2070.68976128,170,-9462.85644531,17844.6933594,9807.49804688,187500.0,21911.8183594,28721.6113281,59432.953125,187500.0
2070.69165766,171,-9215.75878906,18225.03125,10166.8925781,187500.0,22124.7617188,28948.2128906,59670.53125,187500.0
2070.69340316,172,-9451.88183594,18002.140625,9922.74414062,187500.0,21918.6796875,28711.5078125,59456.0195312,187500.0
2070.69517376,173,-9823.12207031,17509.6191406,9448.61914062,187500.0,21596.6132812,28356.3164062,59109.0976562,187500.0
2070.72954438,174,-9823.234375,17418.625,9389.61035156,187500.0,21600.6816406,28370.1308594,59101.1640625,187500.0
2070.73155602,175,-9474.09960938,17816.1054688,9787.65039062,187500.0,21903.1445312,28712.2695312,59418.0429688,187500.0
2070.73334407,176,-9204.42578125,18231.6035156,10176.7939453,187500.0,22143.8515625,28973.0683594,59681.3710938,187500.0
2070.73528373,177,-9440.01367188,18013.9199219,9933.94238281,187500.0,21939.265625,28740.2089844,59470.6835938,187500.0
2070.73706183,178,-9811.54394531,17522.2695312,9460.50976562,187500.0,21617.0644531,28383.6308594,59124.9023438,187500.0
2070.73882456,179,-9812.95214844,17430.4707031,9402.23925781,187500.0,21620.7089844,28396.0136719,59116.5625,187500.0
2070.74070084,180,-9452.53027344,17843.8671875,9815.27636719,187500.0,21938.5507812,28756.078125,59446.8789062,187500.0
2070.74247155,181,-9199.17382812,18237.5488281,10184.4160156,187500.0,22158.46875,28994.9511719,59691.7421875,187500.0
2070.74422439,182,-9438.11328125,18011.1914062,9935.37304688,187500.0,21947.46875,28753.9765625,59472.3164062,187500.0
2070.74597941,183,-9817.13183594,17504.0761719,9449.40136719,187500.0,21612.3710938,28382.4902344,59114.375,187500.0
2070.74774751,184,-9810.31445312,17418.3789062,9398.75195312,187500.0,21623.7695312,28400.796875,59112.1835938,187500.0
2070.74950369,185,-9444.90820312,17839.4863281,9820.35058594,187500.0,21944.9433594,28763.65625,59448.7773438,187500.0
2070.75134549,186,-9198.234375,18225.6796875,10181.2197266,187500.0,22157.1953125,28993.5644531,59686.625,187500.0
2070.75312572,187,-9439.07421875,17998.0488281,9927.9296875,187500.0,21946.1503906,28753.5292969,59467.6210938,187500.0
2070.7548883,188,-9792.29882812,17525.6894531,9470.65722656,187500.0,21640.3554688,28413.6054688,59136.234375,187500.0
2070.79051614,189,-9791.00292969,17437.9140625,9412.45410156,187500.0,21640.0878906,28422.5683594,59129.9765625,187500.0
2070.7923882,190,-9438.046875,17841.1855469,9817.04296875,187500.0,21944.0039062,28766.1816406,59450.0078125,187500.0
2070.79417453,191,-9172.93261719,18256.4570312,10204.7558594,187500.0,22179.8378906,29024.5,59710.9414062,187500.0
2070.79594159,192,-9425.79785156,18013.203125,9937.40722656,187500.0,21955.0898438,28768.8417969,59480.921875,187500.0
2070.79770193,193,-9770.75195312,17557.765625,9498.01660156,187500.0,21661.7011719,28442.5507812,59163.1015625,187500.0
2070.79945394,194,-9770.12597656,17473.6992188,9442.76269531,187500.0,21661.3222656,28449.8144531,59157.0664062,187500.0
2070.80130282,195,-9416.54394531,17878.0195312,9847.70898438,187500.0,21965.1484375,28790.9238281,59475.1757812,187500.0
2070.8030654,196,-9156.83886719,18285.9394531,10227.8896484,187500.0,22193.7402344,29039.296875,59726.2734375,187500.0
2070.80483579,197,-9413.12402344,18042.171875,9958.90917969,187500.0,21966.3339844,28783.2128906,59492.3867188,187500.0
2070.80658639,198,-9781.70410156,17550.8359375,9483.64355469,187500.0,21640.0429688,28422.1660156,59144.078125,187500.0
2070.80834725,199,-9762.45996094,17486.1054688,9447.54589844,187500.0,21660.3378906,28450.5976562,59153.734375,187500.0
2070.81017238,200,-9397.45605469,17911.6367188,9870.15039062,187500.0,21979.8554688,28810.4589844,59488.5429688,187500.0
2070.81194814,201,-9152.078125,18304.9160156,10236.0703125,187500.0,22195.5722656,29041.8007812,59730.7460938,187500.0
2070.81371374,202,-9413.21386719,18055.4941406,9962.64160156,187500.0,21968.9492188,28780.7089844,59498.1328125,187500.0
2070.81568981,203,-9767.10839844,17579.78125,9505.48144531,187500.0,21660.4277344,28437.4101562,59166.1171875,187500.0
2070.85012262,204,-9745.62890625,17522.1132812,9475.77636719,187500.0,21685.5507812,28472.5234375,59182.8164062,187500.0
2070.85198447,205,-9402.19433594,17919.0800781,9873.86035156,187500.0,21982.8066406,28803.4414062,59496.34375,187500.0
2070.85375033,206,-9156.21289062,18306.7265625,10239.8486328,187500.0,22201.1152344,29035.765625,59735.8632812,187500.0
2070.85552515,207,-9407.75976562,18063.3613281,9975.13671875,187500.0,21982.0019531,28789.0253906,59509.5742188,187500.0
2070.85728085,208,-9746.92480469,17610.4707031,9538.24902344,187500.0,21689.5507812,28468.9257812,59196.7617188,187500.0
2070.85905312,209,-9720.99707031,17558.6582031,9511.80761719,187500.0,21713.2226562,28505.1582031,59215.9179688,187500.0
2070.86087231,210,-9363.74902344,17975.4746094,9923.97363281,187500.0,22019.3066406,28850.6484375,59542.7460938,187500.0
2070.86264942,211,-9128.07226562,18356.1699219,10274.2255859,187500.0,22223.6914062,29069.7617188,59774.84375,187500.0
2070.86440513,212,-9398.86425781,18088.9980469,9982.2890625,187500.0,21985.9355469,28794.2109375,59526.0273438,187500.0
2070.8663125,213,-9745.27148438,17624.3730469,9534.06933594,187500.0,21687.5390625,28459.1582031,59201.1445312,187500.0
2070.86826601,214,-9723.6796875,17564.0898438,9501.86035156,187500.0,21707.7011719,28488.7285156,59212.4960938,187500.0
2070.87016739,215,-9363.95019531,17983.8554688,9920.91113281,187500.0,22022.8613281,28844.6347656,59543.5703125,187500.0
2070.87196799,216,-9132.81054688,18352.8378906,10265.4414062,187500.0,22223.1777344,29060.9335938,59766.4414062,187500.0
2070.87373443,217,-9404.83203125,18078.359375,9970.7109375,187500.0,21982.5605469,28789.0253906,59514.3359375,187500.0
2070.87549383,218,-9753.80957031,17602.7578125,9517.79785156,187500.0,21676.0292969,28449.5683594,59184.2890625,187500.0
2070.90979643,219,-9723.70214844,17551.3945312,9496.98828125,187500.0,21705.4882812,28490.1816406,59204.6523438,187500.0
2070.91178807,220,-9361.60351562,17971.9648438,9915.88183594,187500.0,22023.5976562,28846.6914062,59534.8789062,187500.0
2070.91353841,221,-9120.11523438,18358.2929688,10276.3261719,187500.0,22240.9472656,29080.6933594,59773.5039062,187500.0
2070.91529865,222,-9396.65136719,18083.1425781,9978.28808594,187500.0,22001.515625,28807.6875,59522.7851562,187500.0
2070.91719878,223,-9736.35253906,17625.3339844,9538.69628906,187500.0,21710.9199219,28486.6054688,59205.3007812,187500.0
2070.91917755,224,-9709.86621094,17572.4492188,9514.19921875,187500.0,21736.1542969,28523.7089844,59222.78125,187500.0
2070.92104753,225,-9362.74316406,17971.7851562,9914.56347656,187500.0,22035.421875,28858.9628906,59536.8671875,187500.0
2070.92280589,226,-9123.80371094,18347.9882812,10267.8330078,187500.0,22247.0488281,29086.3925781,59769.1445312,187500.0
2070.92456638,227,-9390.88378906,18079.8339844,9981.03710938,187500.0,22015.9316406,28825.703125,59526.5859375,187500.0
2070.92632282,228,-9740.64453125,17602.78125,9530.13574219,187500.0,21711.8808594,28490.0917969,59200.2265625,187500.0
2070.92808857,229,-9696.32128906,17567.6210938,9526.67089844,187500.0,21758.015625,28549.8378906,59238.15625,187500.0
2070.92985834,230,-9345.73339844,17973.9980469,9933.31640625,187500.0,22062.8925781,28891.8867188,59558.4375,187500.0
2070.9316817,231,-9119.71289062,18338.3320312,10271.8779297,187500.0,22264.1035156,29105.1894531,59780.3203125,187500.0
2070.93344407,232,-9382.01074219,18079.1855469,9991.22949219,187500.0,22041.3457031,28852.9511719,59546.4101562,187500.0
2070.93526327,233,-9715.65527344,17623.6347656,9556.75683594,187500.0,21753.9472656,28537.2089844,59237.375,187500.0
2070.9696016,234,-9671.2421875,17589.7285156,9553.0234375,187500.0,21795.9238281,28592.1054688,59273.09375,187500.0
2070.97168938,235,-9308.20507812,18014.8574219,9976.54492188,187500.0,22111.5742188,28949.4648438,59607.609375,187500.0
2070.97347337,236,-9084.91113281,18375.0117188,10312.4462891,187500.0,22303.3085938,29155.8164062,59825.2929688,187500.0
2070.97522006,237,-9355.27832031,18101.9628906,10019.0126953,187500.0,22065.6191406,28885.9414062,59578.4414062,187500.0
2070.97698399,238,-9684.18359375,17652.8046875,9588.31738281,187500.0,21783.2949219,28573.4863281,59271.6171875,187500.0
2070.97874746,239,-9645.11328125,17614.2480469,9578.25878906,187500.0,21816.1523438,28619.9550781,59298.6875,187500.0
2070.98054915,240,-9281.20410156,18042.5292969,10004.5292969,187500.0,22133.9042969,28975.0136719,59631.7929688,187500.0
2070.98231762,241,-9050.51171875,18417.5683594,10351.3388672,187500.0,22339.6523438,29193.6796875,59858.6875,187500.0
2070.98407838,242,-9329.43945312,18139.1777344,10050.3056641,187500.0,22093.3359375,28914.0605469,59602.7382812,187500.0
2070.98591174,243,-9671.75585938,17675.0664062,9604.61132812,187500.0,21795.0957031,28583.1640625,59280.0,187500.0
2070.98787181,244,-9614.40136719,17662.3710938,9617.01660156,187500.0,21850.9316406,28651.4277344,59323.296875,187500.0
2070.98963585,245,-9258.65136719,18083.8125,10033.8095703,187500.0,22156.9707031,28995.5097656,59647.171875,187500.0
2070.99151723,246,-9030.41796875,18455.7675781,10380.3066406,187500.0,22359.7695312,29211.40625,59871.5625,187500.0
2070.99329799,247,-9304.36035156,18185.8046875,10088.5048828,187500.0,22122.8183594,28942.6933594,59624.640625,187500.0
2070.99507031,248,-9652.86914062,17715.9257812,9636.95507812,187500.0,21818.1640625,28607.0820312,59298.3046875,187500.0
2071.03072753,249,-9600.20800781,17696.5019531,9645.91796875,187500.0,21869.640625,28670.4941406,59339.0078125,187500.0
2071.03261818,250,-9248.19042969,18113.4960938,10061.3476562,187500.0,22176.5292969,29015.0683594,59662.3710938,187500.0
2071.03439237,1,-9040.18554688,18453.6679688,10379.9267578,187500.0,22357.421875,29205.1914062,59865.6171875,187500.0
2071.03615157,2,-9318.17382812,18168.6816406,10077.8203125,187500.0,22117.140625,28930.9589844,59611.1875,187500.0
2071.03803451,3,-9649.51660156,17711.0527344,9643.39160156,187500.0,21829.9433594,28614.390625,59300.7890625,187500.0
2071.04032161,4,-9595.35839844,17686.6445312,9647.72851562,187500.0,21876.5917969,28673.9121094,59341.4882812,187500.0
2071.04244502,5,-9234.33300781,18111.640625,10069.3486328,187500.0,22191.6171875,29028.4570312,59673.4570312,187500.0
2071.04431229,6,-9014.43652344,18469.3808594,10398.1210938,187500.0,22384.8691406,29236.484375,59890.4726562,187500.0
2071.04624492,7,-9299.66699219,18175.6777344,10082.9833984,187500.0,22133.8378906,28954.203125,59630.4101562,187500.0
2071.04803479,8,-9628.3046875,17722.4960938,9649.67285156,187500.0,21850.1933594,28642.1503906,59322.8710938,187500.0
2071.049817,9,-9568.80371094,17706.6933594,9661.02734375,187500.0,21902.2949219,28707.9550781,59367.9101562,187500.0
2071.05164844,10,-9208.09179688,18133.9257812,10086.5380859,187500.0,22217.65625,29061.3125,59697.7773438,187500.0
2071.0534156,11,-8982.98730469,18505.4121094,10427.6025391,187500.0,22421.3476562,29281.7910156,59921.4492188,187500.0
2071.05525724,12,-9273.22460938,18208.9160156,10107.0791016,187500.0,22164.0117188,28992.828125,59653.5859375,187500.0
2071.05735987,13,-9625.82324219,17726.5195312,9643.19042969,187500.0,21849.9707031,28647.2246094,59318.4882812,187500.0
2071.09048097,14,-9574.86132812,17695.5625,9640.77636719,187500.0,21890.1367188,28698.03125,59350.0742188,187500.0
2071.09254558,15,-9219.91601562,18110.859375,10056.0722656,187500.0,22199.1035156,29040.6601562,59672.09375,187500.0
2071.09448837,16,-9001.74023438,18465.0898438,10385.8720703,187500.0,22396.4921875,29249.3359375,59885.84375,187500.0
2071.09644495,17,-9281.04785156,18179.1425781,10081.3300781,187500.0,22157.2167969,28978.3222656,59635.1484375,187500.0
2071.09837982,18,-9615.51953125,17718.9199219,9642.09570312,187500.0,21866.5996094,28659.9433594,59323.71875,187500.0
2071.1004012,19,-9559.03613281,17700.1894531,9653.0703125,187500.0,21915.5273438,28722.7519531,59368.0195312,187500.0
2071.10235576,20,-9212.69628906,18105.0253906,10061.5927734,187500.0,22214.3027344,29054.5625,59683.4492188,187500.0
2071.10428318,21,-8996.3984375,18455.7675781,10390.4765625,187500.0,22410.5078125,29264.5351562,59899.1640625,187500.0
2071.10623086,22,-9264.55175781,18184.7988281,10101.1113281,187500.0,22185.8046875,29013.9492188,59664.2695312,187500.0
2071.1081812,23,-9598.73339844,17722.4296875,9663.95507812,187500.0,21896.5292969,28696.3535156,59355.0351562,187500.0
2071.11023476,24,-9538.67382812,17702.6035156,9677.58984375,187500.0,21948.8769531,28758.7148438,59401.28125,187500.0
2071.11223833,25,-9173.58105469,18132.9414062,10110.7001953,187500.0,22271.7695312,29118.0859375,59738.5898438,187500.0
2071.11414778,26,-8968.28027344,18469.1132812,10427.1337891,187500.0,22457.3339844,29313.4414062,59942.59375,187500.0
2071.11606823,27,-9239.40625,18189.46875,10130.8613281,187500.0,22226.328125,29054.6757812,59699.0742188,187500.0
2071.11808273,28,-9561.13769531,17743.4628906,9708.12304688,187500.0,21950.5078125,28752.234375,59401.078125,187500.0
2071.15014776,29,-9480.31347656,17754.7949219,9746.47851562,187500.0,22023.7773438,28839.9648438,59467.9570312,187500.0
2071.15208924,30,-9122.90917969,18180.1035156,10168.4570312,187500.0,22332.5898438,29188.2929688,59797.0195312,187500.0
2071.15385896,31,-8936.25,18489.4980469,10456.5039062,187500.0,22491.21875,29357.3398438,59977.4414062,187500.0
2071.15564409,32,-9216.45117188,18194.4980469,10144.0712891,187500.0,22247.1601562,29083.9785156,59720.7304688,187500.0
2071.15741125,33,-9526.42480469,17762.015625,9731.30175781,187500.0,21983.7011719,28796.8691406,59430.0703125,187500.0
2071.15919732,34,-9431.16210938,17794.8710938,9786.01855469,187500.0,22072.0566406,28906.7949219,59508.34375,187500.0
2071.16099823,35,-9073.15429688,18223.7792969,10208.9580078,187500.0,22378.96875,29255.7734375,59833.453125,187500.0
2071.16278868,36,-8881.62207031,18548.5058594,10505.4990234,187500.0,22543.96875,29434.140625,60017.9648438,187500.0
2071.16456454,37,-9179.37011719,18238.375,10175.9667969,187500.0,22280.53125,29139.9921875,59744.2695312,187500.0
2071.16634925,38,-9499.58105469,17792.5917969,9753.89941406,187500.0,22003.4375,28835.6054688,59441.0898438,187500.0
2071.16812438,39,-9422.08691406,17802.1132812,9788.92382812,187500.0,22068.9726562,28917.5917969,59500.65625,187500.0
2071.16988467,40,-9065.77832031,18226.6191406,10209.0703125,187500.0,22373.6269531,29257.875,59822.296875,187500.0
2071.17182688,41,-8867.85351562,18558.7207031,10513.8359375,187500.0,22549.4238281,29442.65625,60015.9101562,187500.0
2071.17379972,42,-9163.70117188,18248.5449219,10185.3095703,187500.0,22289.4492188,29145.8476562,59742.6601562,187500.0
2071.17558709,43,-9494.171875,17790.0214844,9748.04296875,187500.0,21997.8261719,28824.3398438,59426.71875,187500.0
2071.20962751,44,-9422.51171875,17790.625,9774.77539062,187500.0,22056.65625,28893.3632812,59479.3125,187500.0
2071.21159462,45,-9054.53515625,18236.0957031,10215.4404297,187500.0,22380.4882812,29252.3769531,59816.3515625,187500.0
2071.21338136,46,-8873.37402344,18553.1992188,10503.1074219,187500.0,22540.2597656,29420.9980469,59996.5507812,187500.0
2071.21515582,47,-9170.83105469,18241.9511719,10170.5126953,187500.0,22279.4589844,29124.1210938,59722.6328125,187500.0
2071.21692955,48,-9486.10253906,17805.8691406,9754.81542969,187500.0,22008.8007812,28824.2949219,59428.4140625,187500.0
2071.21870473,49,-9403.46875,17825.4492188,9798.51269531,187500.0,22082.1386719,28913.9042969,59497.90625,187500.0
2071.22053726,50,-9060.12304688,18237.4804688,10208.890625,187500.0,22374.7890625,29238.2265625,59809.8945312,187500.0
2071.22236905,51,-8884.01367188,18539.4082031,10488.1982422,187500.0,22529.9101562,29399.2265625,59981.0195312,187500.0
2071.22441319,52,-9174.18457031,18232.5859375,10164.9921875,187500.0,22279.1230469,29116.5898438,59716.0820312,187500.0
2071.22627676,53,-9488.78515625,17792.7480469,9747.52832031,187500.0,22006.1855469,28817.4335938,59421.5078125,187500.0
2071.22805247,54,-9395.578125,17821.5605469,9800.56933594,187500.0,22089.625,28915.8476562,59496.8554688,187500.0
2071.22984145,55,-9031.31152344,18264.1914062,10238.8652344,187500.0,22408.4726562,29269.4746094,59831.015625,187500.0
2071.23168012,56,-8861.14746094,18562.921875,10512.4277344,187500.0,22556.7773438,29424.9101562,59998.765625,187500.0
2071.23343781,57,-9164.86328125,18237.4355469,10169.4853516,187500.0,22289.1152344,29122.2226562,59720.015625,187500.0
2071.23523065,58,-9477.07226562,17798.0683594,9751.6640625,187500.0,22020.0214844,28823.5585938,59425.9335938,187500.0
2071.2707262,59,-9382.078125,17831.015625,9806.78320312,187500.0,22103.3496094,28924.0292969,59505.7734375,187500.0
2071.27255576,60,-9011.64257812,18277.2890625,10249.1240234,187500.0,22425.0351562,29282.0585938,59845.5234375,187500.0
2071.27454224,61,-8845.50195312,18570.5449219,10516.7197266,187500.0,22570.2558594,29436.9121094,60012.265625,187500.0
2071.27642321,62,-9150.33496094,18245.8632812,10175.5869141,187500.0,22304.5371094,29136.6386719,59736.2226562,187500.0
2071.27822698,63,-9460.95703125,17812.171875,9763.93457031,187500.0,22035.8691406,28842.5800781,59448.0625,187500.0
2071.27999232,64,-9361.91601562,17848.8730469,9825.33496094,187500.0,22124.046875,28950.3378906,59534.3398438,187500.0
2071.28187001,65,-8988.66503906,18302.6367188,10276.0361328,187500.0,22450.1152344,29314.5136719,59882.7578125,187500.0
2071.28363613,66,-8830.32519531,18587.6210938,10535.2939453,187500.0,22587.8007812,29458.90625,60040.875,187500.0
2071.28545016,67,-9127.37988281,18269.8457031,10200.7324219,187500.0,22327.7832031,29166.2558594,59768.765625,187500.0
2071.28725389,68,-9422.40039062,17857.1894531,9807.81152344,187500.0,22076.5488281,28890.0761719,59495.9414062,187500.0
2071.28902736,69,-9322.95703125,17901.2207031,9874.19628906,187500.0,22167.8125,29001.0761719,59584.9882812,187500.0
2071.29107889,70,-8968.23535156,18329.234375,10299.1923828,187500.0,22469.4257812,29336.53125,59907.5039062,187500.0
2071.29285564,71,-8808.17382812,18612.7675781,10556.8183594,187500.0,22607.2910156,29480.6328125,60064.9921875,187500.0
2071.29461077,72,-9094.43261719,18309.9003906,10235.1992188,187500.0,22362.6523438,29205.5722656,59807.7460938,187500.0
2071.29639465,73,-9390.92871094,17893.4433594,9837.96386719,187500.0,22106.7246094,28926.6660156,59533.4453125,187500.0
2071.33051319,74,-9290.61425781,17932.8261719,9898.31347656,187500.0,22192.7558594,29030.5566406,59615.4335938,187500.0
2071.33238249,75,-8927.46582031,18374.9667969,10334.0830078,187500.0,22502.6855469,29376.8085938,59945.5898438,187500.0
2071.33417788,76,-8769.52832031,18664.6445312,10594.7265625,187500.0,22639.0976562,29524.1953125,60102.9023438,187500.0
2071.33594629,77,-9081.04394531,18335.8515625,10244.1171875,187500.0,22365.4023438,29219.1835938,59820.1757812,187500.0
2071.3377207,78,-9385.25195312,17912.7558594,9839.66210938,187500.0,22100.5996094,28929.0136719,59535.3476562,187500.0
2071.33948161,79,-9278.96875,17964.5664062,9910.27148438,187500.0,22194.4550781,29041.9121094,59625.3125,187500.0
2071.3414958,80,-8913.13769531,18418.1054688,10354.9150391,187500.0,22511.2695312,29394.1523438,59963.1796875,187500.0
2071.34327854,81,-8773.88671875,18687.4882812,10596.0234375,187500.0,22632.5722656,29519.5917969,60103.015625,187500.0
2071.34503221,82,-9096.19921875,18338.6679688,10231.3320312,187500.0,22345.3300781,29196.3847656,59804.8203125,187500.0
2071.34680156,83,-9405.09960938,17900.0820312,9815.9921875,187500.0,22068.0332031,28892.8925781,59510.3554688,187500.0
2071.34856706,84,-9285.00390625,17968.7910156,9901.68847656,187500.0,22175.2558594,29022.5332031,59612.6171875,187500.0
2071.35038964,85,-8905.62792969,18443.7871094,10366.2470703,187500.0,22506.2402344,29394.5996094,59964.6328125,187500.0
2071.35216727,86,-8762.26367188,18722.5585938,10613.1445312,187500.0,22630.9394531,29527.4375,60110.4804688,187500.0
2071.3539448,87,-9095.84082031,18359.2539062,10233.4111328,187500.0,22329.9511719,29189.5898438,59798.828125,187500.0
2071.3557155,88,-9388.08984375,17945.4785156,9844.1328125,187500.0,22076.28125,28908.1601562,59522.4257812,187500.0
2071.3902469,89,-9282.61230469,17996.1269531,9916.64160156,187500.0,22170.7617188,29018.7109375,59611.4101562,187500.0
2071.39240552,90,-8912.46777344,18452.3710938,10365.0400391,187500.0,22490.6835938,29371.6445312,59949.9257812,187500.0
2071.39420596,91,-8779.31835938,18709.4375,10594.3466797,187500.0,22604.9003906,29487.4042969,60081.1992188,187500.0
2071.39597125,92,-9101.47363281,18356.4140625,10226.3251953,187500.0,22320.8769531,29164.0195312,59780.7226562,187500.0
2071.39776216,93,-9394.90722656,17940.8730469,9834.14160156,187500.0,22066.9609375,28881.9414062,59503.0703125,187500.0
2071.39954453,94,-9298.68359375,17973.8417969,9892.546875,187500.0,22146.7558594,28977.9414062,59578.9101562,187500.0
2071.40145555,95,-8919.12792969,18439.4296875,10351.1826172,187500.0,22477.5175781,29347.1914062,59927.5078125,187500.0
2071.40323787,96,-8790.60546875,18694.8652344,10576.4882812,187500.0,22590.5722656,29464.9414062,60059.515625,187500.0
2071.40500623,97,-9110.86132812,18347.25,10214.0546875,187500.0,22315.6015625,29151.9277344,59767.8476562,187500.0
2071.40679063,98,-9402.30566406,17933.3632812,9826.22949219,187500.0,22067.4746094,28875.9511719,59498.1992188,187500.0
2071.40857332,99,-9301.36523438,17973.2167969,9891.18359375,187500.0,22155.5410156,28979.6855469,59583.7148438,187500.0
2071.41040522,100,-8919.44140625,18443.1621094,10356.2558594,187500.0,22491.4433594,29353.6972656,59936.4023438,187500.0
2071.41219228,101,-8787.1640625,18701.6601562,10587.1943359,187500.0,22609.6386719,29480.5644531,60072.4609375,187500.0
2071.41396803,102,-9115.37695312,18338.3105469,10211.7070312,187500.0,22320.7421875,29159.0585938,59770.6875,187500.0
2071.41574983,103,-9396.02539062,17934.6601562,9833.49316406,187500.0,22079.5898438,28896.2226562,59508.8359375,187500.0
2071.44980546,104,-9288.02148438,17982.1796875,9905.17578125,187500.0,22172.5058594,29007.2226562,59598.578125,187500.0
2071.45181069,105,-8916.08886719,18434.9589844,10353.9990234,187500.0,22494.1699219,29364.7597656,59938.3945312,187500.0
2071.45361436,106,-8794.875,18674.078125,10568.3291016,187500.0,22600.9667969,29474.5292969,60060.5234375,187500.0
2071.45539382,107,-9122.88671875,18308.0234375,10192.0830078,187500.0,22314.7304688,29153.0234375,59758.484375,187500.0
2071.45717291,108,-9391.17480469,17918.0078125,9828.62109375,187500.0,22089.2011719,28907.4433594,59509.6210938,187500.0
2071.45895179,109,-9259.88085938,18000.5078125,9931.19335938,187500.0,22211.6210938,29056.8886719,59627.6796875,187500.0
2071.46079051,110,-8902.99023438,18441.4628906,10367.6552734,187500.0,22516.7890625,29400.5898438,59957.2148438,187500.0
2071.46256934,111,-8777.57519531,18689.1660156,10590.6142578,187500.0,22629.9335938,29519.390625,60085.6015625,187500.0
2071.46435661,112,-9107.84375,18325.8378906,10213.7861328,187500.0,22341.9316406,29198.8886719,59785.4179688,187500.0
2071.46612653,113,-9392.78417969,17913.1796875,9828.19628906,187500.0,22091.3691406,28922.84375,59516.0585938,187500.0
2071.46790088,114,-9269.31347656,17981.0390625,9919.52539062,187500.0,22201.6523438,29050.1367188,59619.9023438,187500.0
2071.46964274,115,-8892.93164062,18447.3203125,10379.4345703,187500.0,22530.3574219,29413.5546875,59968.1210938,187500.0
2071.47148448,116,-8778.89355469,18683.9570312,10588.4238281,187500.0,22629.7558594,29514.7636719,60084.5273438,187500.0
2071.47323763,117,-9116.58398438,18312.0917969,10201.8730469,187500.0,22333.7734375,29181.453125,59773.796875,187500.0
2071.47500949,118,-9385.85546875,17925.5175781,9837.40527344,187500.0,22103.3496094,28927.2480469,59520.9960938,187500.0
2071.50962995,119,-9263.99316406,17997.7148438,9928.82324219,187500.0,22208.7597656,29052.9101562,59623.6132812,187500.0
2071.5116083,120,-8892.28417969,18462.8320312,10386.4306641,187500.0,22531.1171875,29412.7050781,59967.4726562,187500.0
2071.51339969,121,-8783.38574219,18695.8476562,10592.2460938,187500.0,22626.2460938,29510.359375,60081.3554688,187500.0
2071.51517675,122,-9130.06152344,18311.1972656,10196.7539062,187500.0,22321.6816406,29169.4296875,59762.0390625,187500.0
2071.51696156,123,-9399.4453125,17923.7753906,9835.08007812,187500.0,22091.6601562,28917.7265625,59511.3632812,187500.0
2071.51873435,124,-9286.41210938,17987.4101562,9920.70996094,187500.0,22191.2363281,29035.8769531,59608.0351562,187500.0
2071.52057802,125,-8910.88085938,18460.7519531,10386.296875,187500.0,22521.5722656,29402.6015625,59954.890625,187500.0
2071.52234936,126,-8800.68652344,18696.3183594,10595.2412109,187500.0,22619.5625,29503.296875,60068.8398438,187500.0
2071.52411298,127,-9143.27148438,18313.2539062,10201.6933594,187500.0,22317.9042969,29163.1699219,59750.7070312,187500.0
2071.52589253,128,-9413.81738281,17922.5234375,9837.13671875,187500.0,22082.2714844,28903.6210938,59496.140625,187500.0
2071.52770892,129,-9287.171875,17999.5917969,9936.37890625,187500.0,22193.3144531,29033.1503906,59604.0351562,187500.0
2071.52974535,130,-8910.32128906,18474.7441406,10403.7314453,187500.0,22524.7246094,29400.6132812,59955.1796875,187500.0
2071.53170792,131,-8807.45898438,18699.5371094,10602.7285156,187500.0,22615.7636719,29492.4335938,60063.875,187500.0
2071.53351196,132,-9162.51660156,18298.5234375,10191.5234375,187500.0,22301.2304688,29137.3085938,59734.2109375,187500.0
2071.53528949,133,-9438.00195312,17895.9921875,9815.56738281,187500.0,22061.7519531,28871.0097656,59472.4921875,187500.0
2071.57053109,134,-9303.82421875,17979.8769531,9921.84960938,187500.0,22183.0566406,29011.1777344,59587.1796875,187500.0
2071.57242669,135,-8927.62207031,18449.5996094,10382.9443359,187500.0,22514.0410156,29377.6582031,59934.1914062,187500.0
2071.57420067,136,-8824.15625,18671.6855469,10577.6953125,187500.0,22606.7558594,29471.3554688,60041.546875,187500.0
2071.57600107,137,-9167.6796875,18284.2636719,10179.6777344,187500.0,22306.8398438,29135.9453125,59723.703125,187500.0
2071.57786083,138,-9429.5078125,17898.8066406,9820.86523438,187500.0,22083.1210938,28889.3164062,59476.0703125,187500.0
2071.57981601,139,-9300.44921875,17978.2460938,9921.55957031,187500.0,22197.5390625,29022.6230469,59588.5195312,187500.0
2071.58201197,140,-8930.34863281,18438.8261719,10375.4335938,187500.0,22519.0253906,29377.8808594,59928.2460938,187500.0
2071.5838233,141,-8831.88964844,18655.90625,10568.1503906,187500.0,22607.2910156,29466.9746094,60033.7890625,187500.0
2071.58569031,142,-9178.27441406,18266.8964844,10170.5351562,187500.0,22307.7792969,29131.2070312,59718.9648438,187500.0
2071.58748023,143,-9433.46386719,17892.2128906,9822.76464844,187500.0,22090.2519531,28895.9101562,59483.6914062,187500.0
2071.58924291,144,-9291.93261719,17990.7402344,9941.921875,187500.0,22214.90625,29046.5605469,59609.8242188,187500.0
2071.59104523,145,-8926.12402344,18450.4492188,10395.9970703,187500.0,22532.2792969,29400.1875,59949.7929688,187500.0
2071.59283458,146,-8835.01855469,18658.6328125,10578.5439453,187500.0,22612.5,29478.7539062,60046.4179688,187500.0
2071.59475169,147,-9180.50976562,18271.7695312,10179.2529297,187500.0,22311.3554688,29141.6894531,59730.3203125,187500.0
2071.59653412,148,-9440.7734375,17892.1464844,9824.41894531,187500.0,22086.6308594,28896.6699219,59488.1171875,187500.0
2071.63027146,149,-9302.37109375,17989.2871094,9939.12792969,187500.0,22209.0957031,29040.6386719,59607.3398438,187500.0
2071.63237373,150,-8944.13964844,18443.1835938,10384.2402344,187500.0,22518.9355469,29384.0722656,59937.2773438,187500.0
2071.63422454,151,-8843.26660156,18665.9414062,10578.3652344,187500.0,22610.265625,29476.3847656,60044.3398438,187500.0
2071.63602154,152,-9190.94824219,18274.5175781,10173.1279297,187500.0,22306.1699219,29133.5097656,59725.3125,187500.0
2071.63779855,153,-9449.69140625,17888.7949219,9814.49414062,187500.0,22079.2773438,28885.71875,59479.0429688,187500.0
2071.63954904,154,-9296.984375,17997.2890625,9943.86621094,187500.0,22213.1855469,29044.3925781,59611.0742188,187500.0
2071.64138954,155,-8914.76953125,18483.9765625,10421.6347656,187500.0,22550.8085938,29422.25,59970.5117188,187500.0
2071.6431665,156,-8837.32128906,18681.1640625,10591.4414062,187500.0,22616.8144531,29489.0371094,60056.5429688,187500.0
2071.64492798,157,-9196.3125,18275.6347656,10176.1230469,187500.0,22303.3085938,29135.9238281,59726.6328125,187500.0
2071.6467054,158,-9449.51269531,17901.265625,9827.078125,187500.0,22086.6074219,28897.2519531,59488.3632812,187500.0
2071.64849085,159,-9294.79394531,18015.4394531,9960.87597656,187500.0,22223.4003906,29058.2519531,59622.8085938,187500.0
2071.65035499,160,-8923.10742188,18488.7148438,10424.6748047,187500.0,22550.1835938,29420.7304688,59971.9882812,187500.0
2071.65216694,161,-8826.30175781,18709.1699219,10617.0341797,187500.0,22640.5058594,29512.7734375,60078.71875,187500.0
2071.65395661,162,-9182.81152344,18310.6835938,10205.203125,187500.0,22329.3925781,29165.9199219,59753.6328125,187500.0
2071.65569403,163,-9445.71289062,17923.171875,9841.22753906,187500.0,22097.3808594,28912.5175781,59504.7929688,187500.0
2071.69116714,164,-9287.86523438,18043.4453125,9976.83496094,187500.0,22236.5429688,29074.34375,59644.1757812,187500.0
2071.69307669,165,-8936.76367188,18494.1230469,10416.1591797,187500.0,22539.7011719,29408.546875,59973.1289062,187500.0
2071.69486839,166,-8854.93457031,18692.7871094,10586.1660156,187500.0,22610.1308594,29476.5195312,60060.6132812,187500.0
2071.69664201,167,-9208.67285156,18293.9863281,10175.5644531,187500.0,22301.3632812,29128.8828125,59735.4609375,187500.0
2071.69841131,168,-9447.0546875,17938.7285156,9842.81445312,187500.0,22097.6953125,28908.3828125,59513.8007812,187500.0
2071.70029785,169,-9286.18847656,18063.3164062,9984.09960938,187500.0,22240.0742188,29074.7910156,59656.1367188,187500.0
2071.70210876,170,-8928.27050781,18519.8515625,10431.3359375,187500.0,22549.0214844,29418.3164062,59987.0078125,187500.0
2071.70388806,171,-8842.37207031,18726.9179688,10609.9033203,187500.0,22625.7988281,29499.1386719,60081.9804688,187500.0
2071.70566673,172,-9204.09082031,18316.5839844,10189.0429688,187500.0,22308.1582031,29143.1660156,59748.2460938,187500.0
2071.70743775,173,-9446.02636719,17953.2558594,9850.77148438,187500.0,22102.7460938,28917.7929688,59520.1679688,187500.0
2071.70920043,174,-9274.3203125,18093.46875,10007.9931641,187500.0,22259.4101562,29101.2558594,59675.7382812,187500.0
2071.71103744,175,-8922.95019531,18546.9179688,10454.4023438,187500.0,22565.1582031,29440.7792969,60006.6328125,187500.0
2071.71281377,176,-8852.18457031,18733.5332031,10617.2792969,187500.0,22629.7109375,29504.1679688,60089.0234375,187500.0
2071.71459905,177,-9206.59375,18330.4648438,10206.4326172,187500.0,22323.6035156,29161.7851562,59765.6367188,187500.0
2071.71637476,178,-9458.00683594,17952.2949219,9857.05273438,187500.0,22107.2832031,28925.0351562,59527.234375,187500.0
2071.71814854,179,-9288.87109375,18084.4160156,10007.2558594,187500.0,22259.6113281,29103.1777344,59677.28125,187500.0
2071.75198427,180,-8938.39550781,18530.1777344,10448.9931641,187500.0,22566.4785156,29442.1425781,60004.6679688,187500.0
2071.75383836,181,-8864.41113281,18715.3398438,10612.2285156,187500.0,22637.4882812,29511.9238281,60087.65625,187500.0
2071.75561771,182,-9226.79980469,18295.0585938,10188.1933594,187500.0,22320.0488281,29158.0957031,59753.453125,187500.0
2071.75738123,183,-9468.22167969,17922.2773438,9846.72558594,187500.0,22113.5644531,28932.4785156,59525.0664062,187500.0
2071.75915313,184,-9299.75585938,18044.1386719,9991.18554688,187500.0,22259.6113281,29104.0507812,59671.8710938,187500.0
2071.76106951,185,-8931.13085938,18506.1484375,10448.9707031,187500.0,22581.4082031,29460.5820312,60013.4492188,187500.0
2071.76285386,186,-8845.52441406,18707.046875,10624.8789062,187500.0,22663.6621094,29546.5019531,60111.6875,187500.0
2071.76466446,187,-9206.25878906,18292.109375,10204.4658203,187500.0,22347.9902344,29196.0273438,59783.8085938,187500.0
2071.76643084,188,-9443.56738281,17927.3945312,9869.27832031,187500.0,22142.6660156,28971.28125,59559.328125,187500.0
2071.76820452,189,-9262.16015625,18076.0800781,10035.2402344,187500.0,22304.203125,29158.4765625,59721.6914062,187500.0
2071.7699384,190,-8889.51269531,18561.8046875,10509.2763672,187500.0,22635.4550781,29527.9726562,60076.6835938,187500.0
2071.77177228,191,-8821.04882812,18750.0742188,10667.5263672,187500.0,22699.1132812,29592.3691406,60158.2226562,187500.0
2071.77354059,192,-9192.80273438,18325.5019531,10232.5615234,187500.0,22368.1503906,29221.9101562,59816.1757812,187500.0
2071.77531624,193,-9426.69140625,17969.7734375,9900.88378906,187500.0,22163.921875,28998.6835938,59594.46875,187500.0
2071.77723496,194,-9239.36132812,18129.9472656,10072.6796875,187500.0,22327.9628906,29189.9023438,59760.3828125,187500.0
2071.81168944,195,-8882.24804688,18595.0644531,10526.5761719,187500.0,22637.4882812,29531.6386719,60092.1289062,187500.0
2071.81354181,196,-8820.1328125,18772.4921875,10673.7177734,187500.0,22692.2285156,29582.9804688,60160.5234375,187500.0
2071.81533434,197,-9176.79882812,18368.3515625,10255.9414062,187500.0,22378.1425781,29232.7285156,59831.84375,187500.0
2071.81712353,198,-9412.36425781,18010.4101562,9921.04492188,187500.0,22170.875,29003.8691406,59605.7304688,187500.0
2071.81889423,199,-9227.89550781,18167.6328125,10089.3095703,187500.0,22332.0078125,29188.40625,59766.9101562,187500.0
2071.82081494,200,-8869.73144531,18634.1582031,10545.0839844,187500.0,22642.3398438,29531.0351562,60100.1992188,187500.0
2071.82257835,201,-8807.4140625,18811.8085938,10692.9404297,187500.0,22698.8886719,29584.7910156,60170.671875,187500.0
2071.82433452,202,-9184.21972656,18376.9335938,10249.1015625,187500.0,22361.8242188,29205.4589844,59819.3476562,187500.0
2071.82613627,203,-9431.78808594,17996.015625,9897.97851562,187500.0,22138.0175781,28957.4453125,59577.9726562,187500.0
2071.828044,204,-9249.88964844,18140.1171875,10059.4921875,187500.0,22293.1835938,29135.6992188,59730.4335938,187500.0
2071.82979122,205,-8885.28808594,18614.6894531,10522.0390625,187500.0,22612.6347656,29490.7578125,60069.171875,187500.0
2071.83169609,206,-8826.50292969,18787.0214844,10664.5537109,187500.0,22669.4960938,29547.4863281,60137.2109375,187500.0
2071.83347539,207,-9194.97167969,18362.0253906,10230.9296875,187500.0,22347.4746094,29187.9804688,59796.1484375,187500.0
2071.8355102,208,-9431.02832031,17999.4355469,9896.43554688,187500.0,22146.0644531,28966.0273438,59570.1914062,187500.0
2071.83738002,209,-9246.15625,18149.0800781,10063.6269531,187500.0,22310.4824219,29154.0957031,59729.3828125,187500.0
2071.87258558,210,-8876.21289062,18627.6757812,10534.3105469,187500.0,22640.6640625,29517.9589844,60077.0429688,187500.0
2071.87441967,211,-8828.24609375,18784.2714844,10667.1914062,187500.0,22687.9824219,29561.6132812,60136.0039062,187500.0
2071.87620767,212,-9192.98144531,18362.0253906,10241.9716797,187500.0,22370.609375,29209.2148438,59802.6953125,187500.0
2071.87809769,213,-9437.73339844,17986.9628906,9898.60449219,187500.0,22155.71875,28973.4257812,59569.4335938,187500.0
2071.87988043,214,-9250.13574219,18138.1269531,10069.2822266,187500.0,22321.2128906,29161.7851562,59731.1015625,187500.0
2071.88182957,215,-8890.83105469,18599.8925781,10522.2177734,187500.0,22634.203125,29506.6269531,60064.7929688,187500.0
2071.88360652,216,-8860.72363281,18726.828125,10624.6777344,187500.0,22662.8144531,29525.6484375,60103.4375,187500.0
2071.88556108,217,-9217.38964844,18309.2519531,10201.8505859,187500.0,22356.7734375,29181.5429688,59776.5234375,187500.0
2071.88754772,218,-9423.09277344,17983.140625,9901.91210938,187500.0,22185.2695312,28997.3867188,59582.6210938,187500.0
2071.88934478,219,-9235.00292969,18139.2460938,10071.1816406,187500.0,22346.3574219,29186.9296875,59746.078125,187500.0
2071.8911696,220,-8878.62695312,18604.4511719,10524.6992188,187500.0,22655.3476562,29531.125,60078.4921875,187500.0
2071.89297046,221,-8846.08300781,18742.3183594,10636.5244141,187500.0,22686.3046875,29558.6835938,60122.0351562,187500.0
2071.89475059,222,-9196.75976562,18337.2148438,10224.4257812,187500.0,22385.8535156,29224.7050781,59803.0546875,187500.0
2071.89653166,223,-9419.2265625,17995.4570312,9908.23730469,187500.0,22194.6113281,29018.0175781,59595.0039062,187500.0
2071.89830606,224,-9240.14453125,18143.4023438,10071.875,187500.0,22347.9902344,29195.0878906,59749.4296875,187500.0
2071.9321769,225,-8892.37304688,18598.1269531,10520.8544922,187500.0,22651.1230469,29526.7890625,60072.75,187500.0
2071.93401848,226,-8870.80371094,18722.0,10620.0517578,187500.0,22672.2246094,29542.4785156,60105.6289062,187500.0
2071.93583643,227,-9233.1484375,18301.25,10193.1328125,187500.0,22358.2050781,29193.1894531,59774.0859375,187500.0
2071.93787791,228,-9458.9453125,17951.6464844,9872.83300781,187500.0,22162.6269531,28976.109375,59559.84375,187500.0
2071.93970429,229,-9256.59472656,18127.8457031,10067.2705078,187500.0,22345.2851562,29183.0859375,59739.8203125,187500.0
2071.94164744,230,-8887.90332031,18615.1582031,10548.3027344,187500.0,22674.078125,29545.6757812,60091.3007812,187500.0
2071.94344862,231,-8873.77636719,18731.8574219,10642.8505859,187500.0,22687.9589844,29553.6777344,60119.6875,187500.0
2071.9451963,232,-9241.32910156,18302.6132812,10210.4560547,187500.0,22367.9492188,29194.5527344,59783.8320312,187500.0
2071.9469369,233,-9454.05078125,17969.328125,9910.18261719,187500.0,22185.1347656,28994.4375,59586.265625,187500.0
2071.94867412,234,-9264.53027344,18125.3417969,10089.8232422,187500.0,22347.0273438,29179.9570312,59750.7265625,187500.0
2071.95052867,235,-8895.12304688,18605.6152344,10565.2451172,187500.0,22671.8652344,29538.9707031,60098.0976562,187500.0
2071.95231006,236,-8875.87792969,18725.0839844,10663.8603516,187500.0,22693.1445312,29556.6289062,60131.9140625,187500.0
2071.95409852,237,-9238.95898438,18296.6015625,10234.1708984,187500.0,22377.359375,29203.984375,59798.3164062,187500.0
2071.95583511,238,-9439.20898438,17976.4570312,9944.08984375,187500.0,22207.8222656,29020.4316406,59612.6835938,187500.0
2071.95760764,239,-9238.89257812,18148.96875,10133.7216797,187500.0,22384.5351562,29224.1914062,59791.9882812,187500.0
2071.99212034,240,-8869.86523438,18635.4101562,10610.4179688,187500.0,22712.0761719,29586.3105469,60144.2539062,187500.0
2071.99396417,241,-8852.34179688,18754.5214844,10704.3623047,187500.0,22732.4179688,29602.1367188,60177.8476562,187500.0
2071.99574295,242,-9214.73046875,18327.8710938,10273.7333984,187500.0,22417.0332031,29250.9003906,59845.6328125,187500.0
2071.99750626,243,-9421.08105469,17998.1601562,9976.29882812,187500.0,22237.8847656,29060.7539062,59651.9570312,187500.0
2071.99928077,244,-9221.03320312,18164.2792969,10163.0253906,187500.0,22409.5898438,29262.8808594,59827.0585938,187500.0
2072.00116558,245,-8844.04882812,18659.7949219,10648.4384766,187500.0,22743.4804688,29636.2011719,60187.4140625,187500.0
2072.00294347,246,-8837.03027344,18769.5195312,10729.9101562,187500.0,22752.6015625,29643.0625,60212.4023438,187500.0
2072.00468699,247,-9209.8125,18326.8203125,10283.0322266,187500.0,22426.4433594,29277.7460938,59869.9960938,187500.0
2072.0064602,248,-9403.04394531,18013.3164062,9997.53320312,187500.0,22263.8574219,29099.2226562,59688.0078125,187500.0
2072.00822627,249,-9188.15429688,18209.4082031,10204.8457031,187500.0,22454.9863281,29321.0410156,59883.4765625,187500.0
2072.00999447,250,-8835.06347656,18679.1523438,10660.5527344,187500.0,22761.7871094,29661.9492188,60215.6210938,187500.0
2072.0118396,1,-8838.59472656,18772.7382812,10727.3398438,187500.0,22760.3125,29654.171875,60223.8710938,187500.0
2072.01361739,2,-9218.46289062,18319.9824219,10272.2138672,187500.0,22424.6777344,29278.8847656,59869.9726562,187500.0
2072.01539273,3,-9413.45996094,18003.546875,9985.84277344,187500.0,22258.359375,29096.8085938,59682.7109375,187500.0
2072.01716755,4,-9206.50488281,18188.53125,10187.0537109,187500.0,22442.2695312,29309.1933594,59866.421875,187500.0
2072.05177056,5,-8833.81152344,18685.0742188,10671.3710938,187500.0,22773.5898438,29677.6171875,60219.3554688,187500.0
2072.05360012,6,-8845.03222656,18775.1074219,10730.9384766,187500.0,22764.6699219,29662.4414062,60222.5273438,187500.0
2072.05536421,7,-9221.81542969,18327.8046875,10277.3320312,187500.0,22432.0097656,29288.8320312,59869.0117188,187500.0
2072.05727096,8,-9407.91601562,18031.1523438,10002.6513672,187500.0,22275.2792969,29118.890625,59691.5195312,187500.0
2072.05966842,9,-9196.93847656,18226.9765625,10208.1083984,187500.0,22458.09375,29333.8261719,59879.0507812,187500.0
2072.06246255,10,-8841.05371094,18705.7949219,10670.0302734,187500.0,22764.6699219,29673.3496094,60213.4101562,187500.0
2072.06464247,11,-8864.34375,18779.2421875,10710.53125,187500.0,22740.1953125,29634.9941406,60199.484375,187500.0
2072.06695025,12,-9239.00390625,18337.4609375,10257.0810547,187500.0,22411.1777344,29263.1054688,59848.984375,187500.0
2072.06886845,13,-9423.36132812,18038.1269531,9980.72460938,187500.0,22251.8105469,29087.5546875,59669.2109375,187500.0
2072.07070791,14,-9204.49316406,18243.1367188,10193.1328125,187500.0,22442.2246094,29306.3105469,59861.125,187500.0
2072.0725096,15,-8854.35253906,18714.0878906,10647.0078125,187500.0,22741.0898438,29635.0605469,60187.3710938,187500.0
2072.07450187,16,-8884.32714844,18778.59375,10680.9150391,187500.0,22711.6074219,29591.765625,60168.0585938,187500.0
2072.07652012,17,-9267.52539062,18321.4121094,10215.9541016,187500.0,22372.3984375,29209.2363281,59806.0039062,187500.0
2072.07868728,18,-9437.95703125,18040.3164062,9957.25488281,187500.0,22228.5859375,29054.2949219,59642.8789062,187500.0
2072.08084251,19,-9235.04785156,18227.1328125,10150.7763672,187500.0,22403.6894531,29256.1992188,59821.5625,187500.0
2072.11164016,20,-8886.78515625,18694.1953125,10602.4833984,187500.0,22706.890625,29585.5058594,60145.8828125,187500.0
2072.11357456,21,-8893.66992188,18788.2949219,10667.5488281,187500.0,22708.2539062,29580.2539062,60155.1171875,187500.0
2072.11551141,22,-9273.31445312,18338.734375,10211.0371094,187500.0,22374.6542969,29209.4160156,59804.7539062,187500.0
2072.11738925,23,-9446.49511719,18050.3964844,9947.04003906,187500.0,22224.8535156,29047.2089844,59637.875,187500.0
2072.11917516,24,-9240.07714844,18235.6699219,10141.34375,187500.0,22397.9453125,29248.7324219,59815.3710938,187500.0
2072.12113758,25,-8880.95117188,18713.1484375,10604.3154297,187500.0,22708.5,29590.8925781,60148.5,187500.0
2072.12291261,26,-8895.97167969,18792.6308594,10656.0820312,187500.0,22696.921875,29573.2578125,60148.7226562,187500.0
2072.12479659,27,-9268.39648438,18348.4121094,10205.3144531,187500.0,22369.6484375,29210.6894531,59804.7539062,187500.0
2072.12657599,28,-9438.046875,18068.9707031,9947.82226562,187500.0,22223.6464844,29055.6582031,59643.8867188,187500.0
2072.1284305,29,-9227.42578125,18263.7226562,10151.6035156,187500.0,22402.8398438,29263.2617188,59828.5117188,187500.0
2072.13030355,30,-8868.43457031,18746.0957031,10617.1455078,187500.0,22713.3066406,29606.1152344,60164.7734375,187500.0
2072.13204946,31,-8900.7109375,18808.7246094,10648.28125,187500.0,22683.0195312,29565.7929688,60144.8789062,187500.0
2072.13379266,32,-9291.30761719,18338.0644531,10173.4638672,187500.0,22334.4882812,29174.6582031,59776.1875,187500.0
2072.13552821,33,-9462.8125,18050.5761719,9910.13769531,187500.0,22185.2460938,29011.7363281,59608.125,187500.0
2072.13725449,34,-9253.30957031,18242.2207031,10109.5820312,187500.0,22362.3847656,29216.4121094,59788.390625,187500.0
2072.1713673,35,-8901.671875,18715.09375,10570.3183594,187500.0,22666.9492188,29552.671875,60116.7148438,187500.0
2072.17318343,36,-8937.61328125,18769.1621094,10597.9228516,187500.0,22636.3710938,29509.8691406,60094.8125,187500.0
2072.17495507,37,-9312.45214844,18320.1386719,10143.1767578,187500.0,22310.5507812,29146.6523438,59748.4023438,187500.0
2072.17671301,38,-9476.87109375,18046.0390625,9893.15039062,187500.0,22170.4492188,28998.2363281,59592.9023438,187500.0
2072.17857819,39,-9258.04785156,18250.9375,10108.1298828,187500.0,22356.6835938,29214.0644531,59785.1484375,187500.0
2072.18045853,40,-8918.234375,18712.0976562,10553.0859375,187500.0,22650.2304688,29535.3046875,60105.2929688,187500.0
2072.18222007,41,-8961.64160156,18758.1210938,10569.6484375,187500.0,22615.4726562,29483.3359375,60077.6445312,187500.0
2072.18400203,42,-9337.77636719,18309.7226562,10114.9912109,187500.0,22291.171875,29120.0097656,59730.3671875,187500.0
2072.18580982,43,-9514.9140625,18017.3828125,9849.94433594,187500.0,22137.8164062,28951.5664062,59561.6757812,187500.0
2072.1875749,44,-9288.53515625,18230.6640625,10074.6914062,187500.0,22336.34375,29175.2402344,59762.7070312,187500.0
2072.18932789,45,-8945.7265625,18693.8808594,10522.6425781,187500.0,22630.3144531,29497.2617188,60082.8984375,187500.0
2072.19127583,46,-8984.6640625,18742.0722656,10544.1669922,187500.0,22595.1777344,29449.71875,60055.203125,187500.0
2072.19323367,47,-9371.54980469,18272.2832031,10074.5126953,187500.0,22254.2460938,29069.4277344,59695.296875,187500.0
2072.19501021,48,-9535.79101562,17990.6054688,9821.35644531,187500.0,22111.7753906,28913.6796875,59535.4804688,187500.0
2072.19680664,49,-9307.24414062,18209.0488281,10048.6289062,187500.0,22311.1308594,29140.9296875,59736.734375,187500.0
2072.23196522,50,-8944.58691406,18699.1113281,10526.3085938,187500.0,22630.6054688,29493.7304688,60079.0078125,187500.0
2072.23376655,51,-8984.59667969,18751.5722656,10549.7548828,187500.0,22596.8769531,29451.1269531,60055.7617188,187500.0
2072.23553137,52,-9376.02050781,18277.78125,10073.7744141,187500.0,22249.9765625,29064.6445312,59690.8710938,187500.0
2072.2372764,53,-9539.3671875,18000.3300781,9823.61425781,187500.0,22108.1328125,28910.640625,59531.90625,187500.0
2072.23902216,54,-9302.52734375,18232.5644531,10062.6210938,187500.0,22316.7871094,29150.0273438,59741.4726562,187500.0
2072.2409051,55,-8949.34765625,18714.0644531,10529.75,187500.0,22627.0507812,29492.34375,60076.3242188,187500.0
2072.24275783,56,-9005.98730469,18746.8554688,10534.8466797,187500.0,22577.4296875,29429.4921875,60038.0585938,187500.0
2072.24478827,57,-9406.46386719,18264.3261719,10050.4394531,187500.0,22223.9375,29034.3789062,59663.578125,187500.0
2072.24656664,58,-9567.91015625,17987.34375,9800.59179688,187500.0,22083.6582031,28879.0117188,59505.796875,187500.0
2072.24833005,59,-9335.98828125,18210.3457031,10031.6865234,187500.0,22285.9414062,29106.3964844,59709.3085938,187500.0
2072.2501231,60,-8991.23535156,18679.5546875,10484.1523438,187500.0,22586.0136719,29436.3984375,60033.296875,187500.0
2072.25190125,61,-9037.97265625,18720.3691406,10496.4462891,187500.0,22546.9414062,29385.0117188,60000.328125,187500.0
2072.25365966,62,-9420.72363281,18260.5253906,10034.9501953,187500.0,22214.75,29016.7226562,59647.4414062,187500.0
2072.25542287,63,-9583.08691406,17982.3808594,9786.86816406,187500.0,22073.3320312,28862.1152344,59488.921875,187500.0
2072.25717404,64,-9347.27636719,18210.9941406,10026.7470703,187500.0,22278.6542969,29096.6074219,59696.7695312,187500.0
2072.29218908,65,-9011.46386719,18671.0371094,10474.2958984,187500.0,22573.1152344,29419.2089844,60015.015625,187500.0
2072.29457613,66,-9072.05859375,18695.8476562,10474.0048828,187500.0,22524.5898438,29354.5683594,59971.8554688,187500.0
2072.29691751,67,-9464.75683594,18221.1875,10000.3720703,187500.0,22186.3183594,28974.8789062,59609.1757812,187500.0
2072.29993981,68,-9608.58984375,17964.1640625,9772.25,187500.0,22065.7753906,28843.875,59470.4804688,187500.0
2072.30251472,69,-9361.60351562,18210.0996094,10025.5625,187500.0,22283.9296875,29093.4101562,59693.8632812,187500.0
2072.30523489,70,-9030.59667969,18664.8691406,10466.6289062,187500.0,22569.5175781,29406.6699219,60008.53125,187500.0
2072.3075096,71,-9086.20800781,18690.0585938,10466.8300781,187500.0,22520.4550781,29341.984375,59968.6796875,187500.0
2072.3100741,72,-9470.12109375,18223.5566406,9998.65039062,187500.0,22186.9902344,28969.9394531,59614.3828125,187500.0
2072.31240474,73,-9607.13769531,17975.5410156,9778.6875,187500.0,22071.296875,28848.4804688,59483.8046875,187500.0
2072.31469992,74,-9371.39355469,18204.109375,10017.671875,187500.0,22273.5351562,29079.6640625,59692.9023438,187500.0
2072.31700525,75,-9037.65917969,18660.3085938,10461.6894531,187500.0,22562.9902344,29396.9257812,60007.9296875,187500.0
2072.31926923,76,-9083.7265625,18704.6542969,10480.6435547,187500.0,22531.0273438,29356.625,59984.5507812,187500.0
2072.32162237,77,-9465.24804688,18248.1875,10019.5722656,187500.0,22202.7246094,28995.5996094,59639.2382812,187500.0
2072.32388417,78,-9608.03125,17996.4628906,9791.6953125,187500.0,22078.71875,28864.0371094,59502.625,187500.0
2072.32612934,79,-9369.76171875,18229.859375,10033.2060547,187500.0,22282.8125,29096.25,59713.2890625,187500.0
2072.36324967,80,-9036.78808594,18684.6503906,10476.3515625,187500.0,22571.9316406,29411.5644531,60025.0078125,187500.0
2072.36578963,81,-9092.33203125,18713.6855469,10481.7167969,187500.0,22530.2910156,29356.6015625,59987.1640625,187500.0
2072.36823757,82,-9481.67675781,18239.8066406,10007.9042969,187500.0,22192.0859375,28978.7675781,59627.6796875,187500.0
2072.3729249,83,-9628.19238281,17977.2851562,9773.16601562,187500.0,22061.4628906,28837.4160156,59482.7539062,187500.0
2072.37543783,84,-9379.26171875,18224.6953125,10029.2050781,187500.0,22278.8105469,29084.7382812,59703.3867188,187500.0
2072.37960075,85,-9043.33691406,18690.2382812,10480.7333984,187500.0,22576.7363281,29411.0058594,60023.6445312,187500.0
2072.38620284,86,-9117.58984375,18693.1445312,10458.1357422,187500.0,22512.6542969,29332.2382812,59966.421875,187500.0
2072.39159594,87,-9502.79980469,18218.7050781,9986.17871094,187500.0,22177.3105469,28957.9804688,59609.7109375,187500.0
2072.39575948,88,-9621.62109375,17995.7246094,9791.0703125,187500.0,22081.421875,28855.1640625,59497.7304688,187500.0
2072.39899813,89,-9379.10449219,18234.9550781,10037.3417969,187500.0,22288.3320312,29092.1582031,59711.546875,187500.0
2072.40215981,90,-9069.04101562,18663.4375,10455.5205078,187500.0,22554.453125,29383.9824219,60002.3632812,187500.0
2072.40601799,91,-9139.82910156,18674.078125,10442.1757812,187500.0,22500.9414062,29314.6484375,59951.9609375,187500.0
2072.40926903,92,-9529.46484375,18199.2597656,9969.75,187500.0,22164.3925781,28938.2226562,59594.9140625,187500.0
2072.41699237,93,-9657.67480469,17958.9335938,9761.74414062,187500.0,22055.5390625,28823.15625,59471.1953125,187500.0
2072.41966796,94,-9391.95703125,18226.5742188,10038.3027344,187500.0,22287.9980469,29089.4550781,59709.1328125,187500.0
2072.42350228,95,-9065.88964844,18678.8613281,10475.0107422,187500.0,22570.7695312,29400.5019531,60018.8164062,187500.0
2072.42616745,96,-9155.87792969,18659.4824219,10431.4697266,187500.0,22488.3359375,29299.359375,59943.3984375,187500.0
2072.43331704,97,-9543.23339844,18183.1210938,9959.69140625,187500.0,22150.3320312,28919.9394531,59581.8398438,187500.0
2072.43665949,98,-9657.09375,17961.8847656,9767.71191406,187500.0,22055.2480469,28817.8574219,59468.7382812,187500.0
2072.4402733,99,-9396.60644531,18229.3222656,10040.9404297,187500.0,22282.0957031,29075.1484375,59702.1367188,187500.0
2072.44328143,100,-9078.54101562,18677.5429688,10471.7480469,187500.0,22559.4824219,29377.03125,60005.8945312,187500.0
2072.446034,101,-9174.25097656,18654.3417969,10422.5517578,187500.0,22473.4277344,29271.84375,59926.0117188,187500.0
2072.44941718,102,-9559.97558594,18179.5449219,9949.90136719,187500.0,22135.4472656,28895.9785156,59565.96875,187500.0
2072.45286297,103,-9667.91210938,17966.2421875,9761.96777344,187500.0,22044.921875,28804.6035156,59458.96875,187500.0
2072.45661531,104,-9400.78613281,18245.4609375,10043.6669922,187500.0,22279.1914062,29073.7851562,59698.5585938,187500.0
2072.46010146,105,-9089.85058594,18687.4433594,10467.7021484,187500.0,22548.171875,29368.9179688,59993.8242188,187500.0
2072.46365855,106,-9181.359375,18671.5976562,10425.3896484,187500.0,22470.5,29274.7285156,59919.015625,187500.0
2072.46681538,107,-9580.22558594,18182.6972656,9937.38476562,187500.0,22122.0800781,28887.3730469,59546.7460938,187500.0
2072.47013763,108,-9701.1484375,17947.1757812,9731.078125,187500.0,22019.7089844,28777.3789062,59425.3085938,187500.0
2072.47339607,109,-9432.5703125,18224.5839844,10015.2802734,187500.0,22257.1972656,29048.2382812,59667.578125,187500.0
2072.47673592,110,-9114.28125,18671.6191406,10447.7636719,187500.0,22536.4140625,29354.7480469,59971.4296875,187500.0
2072.48013082,111,-9208.60546875,18649.6914062,10400.3564453,187500.0,22456.4628906,29261.9648438,59897.5117188,187500.0
2072.484014,112,-9599.85058594,18167.2519531,9921.31347656,187500.0,22115.5527344,28884.9589844,59536.5078125,187500.0
2072.48716067,113,-9717.91308594,17936.4023438,9720.28222656,187500.0,22015.6855469,28776.2617188,59420.546875,187500.0
2072.4905274,114,-9445.37792969,18216.515625,10006.9658203,187500.0,22257.6210938,29048.4394531,59665.4335938,187500.0
2072.49406464,115,-9119.33300781,18676.984375,10453.6650391,187500.0,22549.78125,29369.7011719,59980.8828125,187500.0
2072.4983787,116,-9232.25390625,18628.390625,10383.4804688,187500.0,22452.5722656,29253.0683594,59888.4804688,187500.0
2072.50215427,117,-9614.55859375,18152.8125,9913.42382812,187500.0,22124.3828125,28886.4785156,59536.53125,187500.0
2072.50594208,118,-9720.03613281,17939.8457031,9731.97167969,187500.0,22039.1777344,28797.5410156,59436.6640625,187500.0
2072.51017426,119,-9448.35058594,18216.6269531,10017.6269531,187500.0,22275.7265625,29066.6113281,59682.2851562,187500.0
2072.51289876,120,-9129.48046875,18663.9082031,10453.0839844,187500.0,22556.7324219,29375.5351562,59991.34375,187500.0
2072.51595835,121,-9223.08984375,18640.2597656,10407.0166016,187500.0,22480.2441406,29286.0605469,59921.1367188,187500.0
2072.51878961,122,-9608.38867188,18163.3632812,9935.55175781,187500.0,22148.1425781,28914.9980469,59567.9140625,187500.0
2072.52159687,123,-9707.67578125,17960.2519531,9761.65527344,187500.0,22070.3144531,28831.6054688,59474.9960938,187500.0
2072.52440954,124,-9428.88183594,18253.5078125,10058.4863281,187500.0,22316.6738281,29110.8222656,59728.0859375,187500.0
2072.53262567,125,-9117.52246094,18699.4238281,10487.7070312,187500.0,22589.9238281,29412.9296875,60028.7382812,187500.0
2072.53518397,126,-9235.27148438,18648.2382812,10412.515625,187500.0,22487.9335938,29293.7050781,59934.1015625,187500.0
2072.54161753,127,-9611.31738281,18178.6738281,9946.4140625,187500.0,22160.5917969,28929.59375,59584.3632812,187500.0
2072.54550461,128,-9690.75488281,18005.2460938,9797.73046875,187500.0,22099.3925781,28870.7207031,59509.8203125,187500.0
2072.54802567,129,-9411.53710938,18306.4355469,10098.9873047,187500.0,22341.4394531,29148.4414062,59762.8203125,187500.0
2072.55051704,130,-9115.17578125,18735.8125,10510.5947266,187500.0,22593.34375,29424.3496094,60043.9375,187500.0
2072.5557714,131,-9242.91601562,18670.3222656,10419.0419922,187500.0,22477.9648438,29290.2402344,59934.3710938,187500.0
2072.55933098,132,-9621.82226562,18196.1757812,9947.97949219,187500.0,22147.2480469,28921.5917969,59580.1835938,187500.0
2072.56241209,133,-9708.16699219,18009.6503906,9784.87890625,187500.0,22077.1523438,28849.8203125,59494.0859375,187500.0
2072.56599454,134,-9430.40234375,18300.1113281,10076.8144531,187500.0,22312.9863281,29118.9355469,59738.8828125,187500.0
2072.56894054,135,-9109.25195312,18758.2773438,10517.5683594,187500.0,22595.4453125,29427.1660156,60045.3476562,187500.0
2072.57200295,136,-9245.26269531,18682.6601562,10419.421875,187500.0,22474.96875,29284.5625,59929.1171875,187500.0
2072.57444697,137,-9631.72460938,18195.90625,9939.23925781,187500.0,22134.7988281,28903.5996094,59564.5585938,187500.0
2072.57747235,138,-9719.63378906,18004.1074219,9775.60253906,187500.0,22061.5957031,28826.1738281,59474.1484375,187500.0
2072.57996331,139,-9435.140625,18303.2617188,10080.4580078,187500.0,22309.4550781,29106.7539062,59728.4648438,187500.0
2072.59686547,140,-9124.67480469,18748.1738281,10507.4658203,187500.0,22582.0117188,29403.7421875,60026.6835938,187500.0
2072.60070464,141,-9262.40625,18665.6738281,10401.6972656,187500.0,22459.859375,29262.1445312,59908.3515625,187500.0
2072.60410657,142,-9642.25195312,18184.7304688,9931.4609375,187500.0,22130.2617188,28895.5976562,59555.5976562,187500.0
2072.60752069,143,-9726.27246094,17995.0761719,9772.87597656,187500.0,22061.7753906,28825.7714844,59471.8671875,187500.0
2072.61190448,144,-9442.91894531,18292.734375,10075.0263672,187500.0,22307.734375,29108.2753906,59726.1171875,187500.0
2072.61471554,145,-9129.97265625,18741.5800781,10506.1914062,187500.0,22584.2695312,29411.4980469,60025.1171875,187500.0
2072.61688926,146,-9268.24023438,18662.1640625,10402.4345703,187500.0,22467.9296875,29274.6835938,59909.1367188,187500.0
2072.61945922,147,-9657.94335938,18171.0957031,9918.09472656,187500.0,22127.6230469,28895.1503906,59546.2109375,187500.0
2072.62149138,148,-9755.44140625,17962.5097656,9738.7890625,187500.0,22041.0097656,28804.3125,59444.6875,187500.0
2072.62340198,149,-9463.6171875,18265.578125,10046.1699219,187500.0,22291.8203125,29090.0800781,59701.734375,187500.0
2072.6253194,150,-9141.19335938,18723.8554688,10487.1035156,187500.0,22577.2070312,29406.4023438,60011.0585938,187500.0
2072.62731338,151,-9288.66992188,18629.1503906,10367.8339844,187500.0,22448.5507812,29259.0136719,59884.9296875,187500.0
2072.62987642,152,-9674.93066406,18136.4296875,9882.46582031,187500.0,22109.09375,28878.1855469,59521.421875,187500.0
2072.63291169,153,-9753.04980469,17954.9101562,9727.59082031,187500.0,22044.7871094,28810.9746094,59441.8945312,187500.0
2072.63525062,154,-9461.71679688,18264.5273438,10038.1240234,187500.0,22298.8378906,29097.2324219,59701.3515625,187500.0
2072.65215429,155,-9156.30273438,18705.4140625,10460.7724609,187500.0,22566.5,29388.4082031,59989.8710938,187500.0
2072.65410583,156,-9318.21875,18590.5039062,10324.8076172,187500.0,22421.3476562,29220.5917969,59844.9648438,187500.0
2072.65620835,157,-9700.09863281,18101.7382812,9846.18945312,187500.0,22085.4453125,28846.2226562,59486.3515625,187500.0
2072.65838942,158,-9764.89648438,17938.5273438,9711.00585938,187500.0,22034.484375,28797.2714844,59422.359375,187500.0
2072.66066589,159,-9469.5625,18252.1210938,10028.9599609,187500.0,22290.8574219,29088.1132812,59687.2929688,187500.0
2072.66280868,160,-9158.33691406,18702.7109375,10463.4101562,187500.0,22566.0761719,29388.4980469,59986.6953125,187500.0
2072.66494224,161,-9321.4375,18589.140625,10327.265625,187500.0,22425.0136719,29223.4746094,59844.6953125,187500.0
2072.66693461,162,-9705.61914062,18100.2421875,9847.5078125,187500.0,22090.4296875,28847.765625,59486.0625,187500.0
2072.66907562,163,-9773.07714844,17934.5488281,9712.5703125,187500.0,22038.9550781,28794.7246094,59419.3398438,187500.0
2072.67126148,164,-9471.84277344,18262.4257812,10045.96875,187500.0,22305.0078125,29097.2324219,59693.7070312,187500.0
2072.67336895,165,-9183.03515625,18687.9355469,10457.5546875,187500.0,22555.2128906,29370.28125,59973.1054688,187500.0
2072.67550579,166,-9336.48046875,18587.1074219,10337.1005859,187500.0,22428.5898438,29220.0332031,59845.296875,187500.0
2072.67778811,167,-9711.58691406,18111.7070312,9868.83203125,187500.0,22103.8417969,28857.6894531,59497.75,187500.0
2072.67980183,168,-9782.28613281,17940.0683594,9724.66308594,187500.0,22044.765625,28795.796875,59423.2539062,187500.0
2072.68190263,169,-9475.1953125,18273.2207031,10059.7158203,187500.0,22315.8925781,29103.2226562,59700.1015625,187500.0
2072.71314262,170,-9183.52734375,18698.4179688,10467.9482422,187500.0,22567.8417969,29376.8535156,59978.0,187500.0
2072.71510338,171,-9347.70117188,18579.6640625,10326.2597656,187500.0,22426.1542969,29212.8574219,59833.921875,187500.0
2072.71712595,172,-9722.65136719,18099.8398438,9854.45898438,187500.0,22099.1464844,28852.1464844,59483.8710938,187500.0
2072.71928186,173,-9780.89941406,17940.3144531,9724.12597656,187500.0,22051.0917969,28804.7148438,59418.0664062,187500.0
2072.72154443,174,-9473.65234375,18274.3613281,10061.75,187500.0,22319.1328125,29111.3144531,59692.546875,187500.0
2072.72359092,175,-9186.14257812,18693.03125,10465.4892578,187500.0,22565.8066406,29376.6289062,59964.2773438,187500.0
2072.72550443,176,-9364.21875,18552.1035156,10306.2548828,187500.0,22406.9980469,29193.9707031,59803.9257812,187500.0
2072.72746295,177,-9739.81738281,18064.03125,9832.59960938,187500.0,22076.7949219,28828.2519531,59450.65625,187500.0
2072.72955167,178,-9793.86425781,17907.7265625,9707.40722656,187500.0,22032.875,28785.3359375,59394.21875,187500.0
2072.73168028,179,-9485.61132812,18242.3320312,10044.4042969,187500.0,22302.8828125,29093.9023438,59673.4375,187500.0
2072.73400879,180,-9192.58007812,18672.3574219,10457.0400391,187500.0,22558.0058594,29370.9746094,59955.1328125,187500.0
2072.73646147,181,-9379.19433594,18523.515625,10285.6025391,187500.0,22391.375,29178.7714844,59787.140625,187500.0
2072.73846155,182,-9752.75878906,18040.1816406,9811.76757812,187500.0,22066.5136719,28819.5800781,59436.3046875,187500.0
2072.74054428,183,-9813.0859375,17876.1210938,9677.65722656,187500.0,22014.6796875,28767.1875,59370.1210938,187500.0
2072.74275706,184,-9496.8984375,18220.0683594,10025.2939453,187500.0,22295.328125,29082.7714844,59657.5429688,187500.0
2072.77253024,185,-9193.47363281,18671.4179688,10456.3916016,187500.0,22566.0527344,29380.0488281,59955.671875,187500.0
2072.7746586,186,-9382.72558594,18525.9980469,10287.5917969,187500.0,22400.984375,29190.5292969,59788.03125,187500.0
2072.77686029,187,-9761.40917969,18044.5195312,9812.79589844,187500.0,22074.0917969,28827.1796875,59436.5078125,187500.0
2072.77904817,188,-9821.95996094,17885.7539062,9681.23339844,187500.0,22022.7929688,28772.1269531,59372.1328125,187500.0
2072.78140637,189,-9526.51464844,18203.3496094,10002.8300781,187500.0,22276.21875,29056.6640625,59633.8945312,187500.0
2072.78356301,190,-9235.24902344,18634.0898438,10417.1865234,187500.0,22531.3183594,29332.9316406,59914.7460938,187500.0
2072.78562996,191,-9426.11035156,18482.3222656,10244.1171875,187500.0,22364.9550781,29138.3378906,59745.8554688,187500.0
2072.78779128,192,-9807.296875,17988.3261719,9759.64355469,187500.0,22031.265625,28766.046875,59386.7539062,187500.0
2072.78980636,193,-9849.54199219,17851.1308594,9649.49414062,187500.0,22000.21875,28737.0117188,59342.3398438,187500.0
2072.79193545,194,-9531.92382812,18203.171875,10001.6679688,187500.0,22280.3984375,29055.7929688,59633.4023438,187500.0
2072.79386761,195,-9245.46386719,18628.6582031,10409.4980469,187500.0,22529.5527344,29325.890625,59909.1796875,187500.0
2072.7961794,196,-9431.94433594,18481.6972656,10240.09375,187500.0,22367.3457031,29138.2929688,59747.1523438,187500.0
2072.79832463,197,-9811.58886719,17985.2871094,9754.703125,187500.0,22034.7304688,28764.9960938,59392.140625,187500.0
2072.80061345,198,-9852.55957031,17844.2695312,9643.05664062,187500.0,22001.9394531,28730.4628906,59346.4296875,187500.0
2072.80267738,199,-9542.98828125,18177.4003906,9982.15527344,187500.0,22269.8925781,29032.1445312,59624.6875,187500.0
2072.83155532,200,-9255.52246094,18598.5742188,10389.7167969,187500.0,22520.3652344,29303.7636719,59902.2265625,187500.0
2072.8338594,201,-9437.33105469,18458.0703125,10229.4765625,187500.0,22369.3359375,29129.8886719,59748.8046875,187500.0
2072.83655374,202,-9810.203125,17973.0605469,9757.40820312,187500.0,22048.5214844,28774.71875,59403.515625,187500.0
2072.83881027,203,-9834.23144531,17858.4628906,9671.66699219,187500.0,22036.4960938,28770.40625,59378.4609375,187500.0
2072.84111691,204,-9515.27148438,18215.7324219,10030.2558594,187500.0,22320.4960938,29096.5175781,59673.6132812,187500.0
2072.84332427,205,-9231.98535156,18639.3886719,10436.5439453,187500.0,22568.6914062,29371.0644531,59949.3671875,187500.0
2072.84552794,206,-9422.24414062,18492.6269531,10267.9667969,187500.0,22406.1269531,29188.6503906,59786.9140625,187500.0
2072.84774364,207,-9810.24804688,17986.0019531,9773.74707031,187500.0,22060.703125,28806.3476562,59422.9609375,187500.0
2072.8516226,208,-9831.12402344,17868.5878906,9685.99414062,187500.0,22046.6210938,28795.7753906,59395.4921875,187500.0
2072.85390116,209,-9514.35546875,18216.984375,10034.5917969,187500.0,22321.9941406,29108.5429688,59680.65625,187500.0
2072.85605217,210,-9226.59863281,18645.2890625,10442.265625,187500.0,22573.4511719,29380.40625,59956.8320312,187500.0
2072.85795667,211,-9422.37792969,18489.3398438,10262.8701172,187500.0,22403.4882812,29187.4667969,59785.53125,187500.0
2072.86018263,212,-9802.84960938,17992.1699219,9776.67578125,187500.0,22067.921875,28815.0195312,59425.2421875,187500.0
2072.86237089,213,-9815.90234375,17890.5371094,9700.50097656,187500.0,22062.46875,28812.9414062,59405.8632812,187500.0
2072.86455789,214,-9507.58300781,18234.4628906,10043.3095703,187500.0,22327.4257812,29111.4492188,59680.7460938,187500.0
2072.89271255,215,-9226.375,18658.3203125,10445.5068359,187500.0,22572.1992188,29375.2890625,59949.7695312,187500.0
2072.89475898,216,-9422.95898438,18502.9296875,10263.9882812,187500.0,22401.9472656,29180.4042969,59777.75,187500.0
2072.89713239,217,-9813.95800781,17994.2265625,9765.09765625,187500.0,22054.3554688,28793.9199219,59408.546875,187500.0
2072.89922095,218,-9833.78417969,17880.6796875,9678.28320312,187500.0,22035.265625,28777.2890625,59378.0117188,187500.0
2072.90145056,219,-9525.41894531,18223.4882812,10020.1533203,187500.0,22297.8535156,29074.7246094,59651.6445312,187500.0
2072.90355938,220,-9241.86523438,18649.3789062,10424.3173828,187500.0,22545.4902344,29344.1738281,59923.3515625,187500.0
2072.90562321,221,-9438.53808594,18497.0976562,10245.1679688,187500.0,22375.9746094,29153.4257812,59754.328125,187500.0
2072.90764235,222,-9838.14257812,17980.4140625,9738.25292969,187500.0,22018.0546875,28756.2792969,59377.5,187500.0
2072.90973393,223,-9850.39160156,17879.5859375,9660.66992188,187500.0,22007.6621094,28749.484375,59355.28125,187500.0
2072.91186864,224,-9523.22851562,18250.8691406,10025.1152344,187500.0,22292.9140625,29071.3261719,59650.4140625,187500.0
2072.91403455,225,-9254.38183594,18665.7851562,10413.8564453,187500.0,22526.2675781,29324.7949219,59910.8125,187500.0
2072.91614353,226,-9471.52929688,18484.2441406,10206.65625,187500.0,22334.2207031,29104.2519531,59715.7265625,187500.0
2072.91820996,227,-9866.52929688,17966.5117188,9702.87011719,187500.0,21984.6171875,28711.6210938,59341.8710938,187500.0
2072.92045227,228,-9871.91601562,17866.9570312,9633.80273438,187500.0,21982.671875,28710.8828125,59327.6523438,187500.0
2072.92258969,229,-9544.75390625,18232.6757812,9999.45507812,187500.0,22267.03125,29031.1835938,59623.7460938,187500.0
2072.95251022,230,-9274.20800781,18643.2109375,10389.5830078,187500.0,22500.8300781,29283.9375,59884.2109375,187500.0
2072.95515596,231,-9469.96484375,18482.1425781,10206.0966797,187500.0,22332.3203125,29087.0175781,59710.5390625,187500.0
2072.95736411,232,-9841.5625,17998.7421875,9731.59179688,187500.0,22010.03125,28728.6523438,59364.2421875,187500.0
2072.95964345,233,-9857.92382812,17888.5488281,9648.26464844,187500.0,21994.25,28717.6992188,59339.2773438,187500.0
2072.9621379,234,-9535.07519531,18247.7851562,10009.2451172,187500.0,22275.5917969,29034.8710938,59630.96875,187500.0
2072.96429459,235,-9267.27929688,18656.1738281,10401.25,187500.0,22512.3867188,29291.6035156,59890.6484375,187500.0
2072.96661492,236,-9478.03417969,18478.8125,10203.5263672,187500.0,22331.2929688,29082.7929688,59705.7109375,187500.0
2072.96913874,237,-9869.12207031,17963.3808594,9702.06542969,187500.0,21984.9746094,28695.4609375,59336.9765625,187500.0
2072.97275926,238,-9868.16113281,17869.7285156,9637.04394531,187500.0,21989.9589844,28702.1875,59328.0351562,187500.0
2072.97499939,239,-9538.54003906,18236.0722656,10004.7529297,187500.0,22280.21875,29025.3496094,59626.9882812,187500.0
2072.97742274,240,-9264.03808594,18651.2792969,10401.0263672,187500.0,22525.4394531,29291.5371094,59894.9414062,187500.0
2072.97964964,241,-9484.60546875,18456.3496094,10189.8251953,187500.0,22331.1367188,29071.6621094,59700.1914062,187500.0
2072.9820145,242,-9863.31054688,17952.8984375,9705.28417969,187500.0,22000.9570312,28703.8203125,59346.0039062,187500.0
2072.98416989,243,-9869.12207031,17849.7226562,9633.02050781,187500.0,21997.0449219,28705.5625,59333.5117188,187500.0
2072.98649439,244,-9538.42773438,18216.2460938,10002.1376953,187500.0,22286.4335938,29030.3125,59632.0859375,187500.0
2073.01242804,245,-9255.87988281,18643.9472656,10408.8271484,187500.0,22543.0761719,29310.2675781,59909.5820312,187500.0
2073.01466687,246,-9468.08691406,18461.5136719,10207.5947266,187500.0,22359.6347656,29103.15625,59722.8554688,187500.0
2073.01687762,247,-9839.59570312,17971.7636719,9734.72070312,187500.0,22036.6523438,28748.5683594,59376.0664062,187500.0
2073.01911404,248,-9839.26074219,17878.5117188,9670.50488281,187500.0,22036.5625,28755.2519531,59365.2929688,187500.0
2073.02150146,249,-9514.19921875,18240.7890625,10034.4580078,187500.0,22315.8261719,29071.4609375,59657.9023438,187500.0
2073.02374825,250,-9256.23730469,18632.078125,10410.0117188,187500.0,22541.3769531,29314.8261719,59905.8945312,187500.0
