1580.72069051,1,-102618.242188,-79454.5078125,-53182.7578125,103741.554688,-79399.5859375,-173.628356934,-57687.953125,89203.1484375
1580.75442477,2,-102882.507812,-79602.6953125,-53076.6992188,105367.132812,-79440.046875,-335.723205566,-57851.9257812,90910.0859375
1580.7566282,3,-103448.117188,-79692.9296875,-52794.3046875,109651.375,-79225.2890625,-151.298965454,-57553.5507812,95238.6171875
1580.75872288,4,-103544.703125,-79582.25,-52654.8085938,110276.039062,-79126.453125,8.11368370056,-57321.7421875,95797.03125
1580.7610025,5,-103103.765625,-79423.0546875,-52754.3867188,106379.640625,-79329.71875,-171.571990967,-57564.1445312,91846.8515625
1580.76309692,6,-102789.726562,-79402.6015625,-52830.9414062,103402.632812,-79564.609375,-494.532348633,-57990.640625,88841.453125
1580.76520629,7,-103050.210938,-79545.0078125,-52720.4570312,105016.875,-79588.3046875,-638.276428223,-58136.0820312,90543.9921875
1580.76744581,8,-103612.117188,-79640.0234375,-52453.7773438,109237.757812,-79381.75,-456.824951172,-57843.1640625,94849.1171875
1580.76954346,9,-103691.4375,-79520.734375,-52315.9570312,109744.117188,-79283.5625,-295.713592529,-57614.9726562,95277.484375
1580.77180262,10,-103244.453125,-79359.4453125,-52417.1640625,105789.15625,-79493.796875,-485.993988037,-57871.6601562,91241.1640625
1580.77398272,11,-102932.265625,-79341.453125,-52494.75,102811.632812,-79736.984375,-822.186584473,-58312.7265625,88245.9375
1580.77609505,12,-103197.6875,-79489.421875,-52388.7773438,104420.265625,-79771.0703125,-982.336791992,-58469.9296875,89963.734375
1580.77819442,13,-103762.695312,-79587.1640625,-52123.84375,108634.242188,-79572.96875,-817.224487305,-58185.1445312,94237.4140625
1580.78035499,14,-103840.484375,-79475.515625,-51990.8945312,109087.085938,-79485.5078125,-671.602844238,-57970.1640625,94605.7265625
1580.78239607,15,-103398.320312,-79329.40625,-52100.21875,105121.640625,-79707.8203125,-877.57421875,-58244.8671875,90553.8203125
1580.78458752,16,-103091.585938,-79319.0546875,-52173.015625,102156.726562,-79945.1953125,-1209.14001465,-58683.3203125,87603.84375
1580.81396924,17,-103360.476562,-79459.9140625,-52048.2734375,103849.734375,-79955.34375,-1347.54199219,-58823.7109375,89370.5703125
1580.81624319,18,-103932.546875,-79562.78125,-51783.5585938,108102.671875,-79749.8203125,-1176.86401367,-58539.53125,93658.5234375
1580.81842568,19,-104004.765625,-79449.2109375,-51648.7109375,108504.710938,-79647.890625,-1019.15014648,-58315.96875,94007.03125
1580.82066932,20,-103571.078125,-79317.7109375,-51777.0117188,104577.351562,-79876.4375,-1232.00585938,-58596.6171875,89995.6328125
1580.82278129,21,-103283.742188,-79330.1640625,-51874.9804688,101689.398438,-80128.1171875,-1579.0612793,-59044.5234375,87133.1328125
1580.82500092,22,-103577.3125,-79505.0,-51790.6015625,103471.835938,-80168.7578125,-1744.91125488,-59206.1054688,88998.7265625
1580.82712742,23,-104151.734375,-79613.9609375,-51538.765625,107720.117188,-79965.3359375,-1568.60070801,-58914.9726562,93289.8359375
1580.82915148,24,-104228.617188,-79509.7578125,-51423.453125,108125.023438,-79874.7890625,-1416.09472656,-58692.640625,93641.15625
1580.831381,25,-103787.507812,-79367.046875,-51542.7421875,104169.546875,-80088.46875,-1612.41015625,-58953.7773438,89608.1875
1580.83348719,26,-103499.84375,-79373.03125,-51633.3554688,101329.554688,-80331.078125,-1949.92150879,-59393.9921875,86737.8671875
1580.83555172,27,-103774.390625,-79511.4375,-51502.6445312,103074.421875,-80325.4453125,-2067.78222656,-59511.4296875,88594.671875
1580.83769603,28,-104340.179688,-79602.4765625,-51224.2539062,107303.976562,-80097.2265625,-1867.2199707,-59195.0195312,92876.4375
1580.83980535,29,-104418.765625,-79499.4140625,-51099.640625,107702.867188,-79999.28125,-1705.05810547,-58965.7109375,93218.1328125
1580.84190878,30,-103994.53125,-79375.7421875,-51226.9335938,103840.039062,-80219.5390625,-1903.87683105,-59231.0742188,89250.828125
1580.84404231,31,-103736.078125,-79420.0859375,-51342.046875,101137.195312,-80476.828125,-2248.8984375,-59673.9726562,86564.3515625
1580.87500204,32,-104044.601562,-79597.984375,-51237.9335938,103097.53125,-80483.203125,-2367.09448242,-59783.25,88617.7578125
1580.87722271,33,-104636.609375,-79723.109375,-50990.3867188,107500.242188,-80263.75,-2160.72070312,-59453.203125,93063.921875
1580.87933922,34,-104719.289062,-79630.234375,-50875.65625,107993.078125,-80144.28125,-1963.89135742,-59186.7929688,93489.1015625
1580.88153593,35,-104299.96875,-79517.828125,-51011.8671875,104242.078125,-80338.921875,-2120.91235352,-59409.953125,89667.0625
1580.88366519,36,-104045.648438,-79560.96875,-51121.3007812,101696.796875,-80553.2734375,-2403.34887695,-59787.609375,87149.3828125
1580.88581675,37,-104370.554688,-79753.6875,-51032.5195312,103851.929688,-80534.5,-2475.50048828,-59845.140625,89384.984375
1580.88795622,38,-104969.203125,-79887.390625,-50801.671875,108387.164062,-80292.09375,-2221.78564453,-59466.5703125,93939.5546875
1580.89012006,39,-105056.328125,-79815.53125,-50723.84375,108952.507812,-80174.5,-2000.63757324,-59171.484375,94441.59375
1580.89224266,40,-104633.429688,-79714.9453125,-50882.7851562,105255.90625,-80357.5859375,-2122.11938477,-59352.375,90679.9765625
1580.89427291,41,-104373.304688,-79761.734375,-51006.90625,102783.9375,-80555.109375,-2366.20043945,-59686.9804688,88227.3203125
1580.89640801,42,-104691.835938,-79962.09375,-50938.375,104997.070312,-80527.2578125,-2407.88647461,-59712.0585938,90533.53125
1580.89851081,43,-105273.117188,-80106.6875,-50732.7617188,109535.570312,-80282.546875,-2128.48950195,-59306.0195312,95113.9375
1580.9006456,44,-105332.304688,-80037.5546875,-50672.3203125,110060.59375,-80154.984375,-1875.98193359,-58977.8046875,95562.0703125
1580.90282017,45,-104889.851562,-79936.0546875,-50842.9335938,106375.015625,-80322.3984375,-1964.24890137,-59123.984375,91822.5078125
1580.90501339,46,-104622.34375,-79990.34375,-50990.765625,103988.71875,-80516.7734375,-2187.83349609,-59435.234375,89431.9921875
1580.9347085,47,-104931.851562,-80201.34375,-50948.453125,106265.984375,-80491.6015625,-2211.63793945,-59435.6796875,91800.6953125
1580.93716375,48,-105482.445312,-80324.7265625,-50742.0820312,110752.023438,-80216.4296875,-1882.03918457,-58978.0273438,96344.6015625
1580.93950369,49,-105517.15625,-80243.6796875,-50694.4492188,111221.992188,-80074.8984375,-1597.0769043,-58622.5234375,96738.3046875
1580.94198795,50,-105058.25,-80140.171875,-50879.4335938,107540.8125,-80232.0078125,-1656.44311523,-58744.4296875,92986.7421875
1580.94415013,51,-104764.328125,-80174.9453125,-51015.7773438,105171.21875,-80386.4140625,-1821.77893066,-59001.0039062,90614.265625
1580.94630142,52,-105052.460938,-80361.0703125,-50960.8164062,107488.507812,-80314.46875,-1783.64685059,-58942.6914062,93027.046875
1580.94836678,53,-105594.875,-80487.875,-50776.1445312,112009.351562,-80035.0234375,-1436.45715332,-58466.1523438,97608.1875
1580.95061651,54,-105613.492188,-80414.734375,-50753.90625,112458.0625,-79892.8671875,-1137.88256836,-58100.0507812,97991.8125
1580.95277989,55,-105147.765625,-80328.6796875,-50974.9179688,108810.367188,-80057.9375,-1194.29846191,-58224.3046875,94240.5234375
1580.95484994,56,-104859.898438,-80383.734375,-51144.234375,106523.96875,-80218.0859375,-1353.77807617,-58474.4453125,91980.4921875
1580.95697894,57,-105156.734375,-80587.0,-51117.1445312,108975.101562,-80146.8515625,-1303.68786621,-58401.1757812,94505.96875
1580.95906659,58,-105684.726562,-80711.2109375,-50942.84375,113513.851562,-79849.078125,-921.204772949,-57892.2929688,99102.609375
1580.96125033,59,-105685.773438,-80640.4453125,-50935.8242188,113973.132812,-79694.296875,-597.171569824,-57500.8007812,99469.1953125
1580.96334756,60,-105198.085938,-80547.5546875,-51156.640625,110320.8125,-79830.171875,-610.649658203,-57582.9882812,95751.03125
1580.96545261,61,-104911.710938,-80620.5078125,-51351.5664062,108142.414062,-79986.453125,-750.728027344,-57814.640625,93598.375
1580.99576854,62,-105198.554688,-80814.09375,-51324.5,110677.59375,-79884.2890625,-651.374511719,-57693.8320312,96199.625
1580.99802311,63,-105711.320312,-80933.5625,-51166.6953125,115214.28125,-79573.59375,-240.080093384,-57156.40625,100802.078125
1581.00030503,64,-105702.648438,-80873.28125,-51196.7617188,115647.28125,-79431.9765625,87.1494522095,-56761.4726562,101168.84375
1581.00250727,65,-105205.546875,-80793.015625,-51455.234375,111989.015625,-79582.421875,72.8443374634,-56841.3789062,97451.171875
1581.00457689,66,-104897.382812,-80851.9140625,-51654.1875,109833.882812,-79718.3671875,-36.5674552917,-57039.9101562,95269.1953125
1581.00668262,67,-105177.117188,-81059.6953125,-51662.3242188,112409.289062,-79631.625,57.8463134766,-56922.2695312,97935.375
1581.00879016,68,-105663.695312,-81169.8203125,-51515.453125,116898.460938,-79307.0546875,492.945373535,-56361.1992188,102484.046875
1581.01093828,69,-105615.929688,-81089.2421875,-51553.1132812,117216.328125,-79147.6796875,844.538330078,-55944.1132812,102719.835938
1581.01306327,70,-105085.5,-80985.4921875,-51806.6054688,113485.195312,-79272.96875,860.318664551,-56001.6484375,98914.921875
1581.01517253,71,-104761.289062,-81039.7578125,-52018.140625,111292.554688,-79407.1015625,756.830078125,-56196.734375,96752.859375
1581.01727034,72,-105006.726562,-81215.4453125,-52006.40625,113806.210938,-79284.5234375,889.398254395,-56040.875,99367.09375
1581.01951913,73,-105461.140625,-81299.9296875,-51857.7695312,118215.898438,-78950.296875,1332.45458984,-55477.2304688,103795.492188
1581.02179027,74,-105375.289062,-81189.3359375,-51884.7695312,118381.726562,-78775.640625,1697.5703125,-55058.2460938,103887.039062
1581.02382438,75,-104820.851562,-81066.8046875,-52138.2148438,114553.648438,-78900.3828125,1707.36035156,-55128.2539062,100010.890625
1581.02605348,76,-104474.179688,-81094.859375,-52336.8789062,112335.460938,-79022.3359375,1608.78918457,-55326.4023438,97784.28125
1581.05539593,77,-104706.257812,-81247.8515625,-52314.125,114821.875,-78894.90625,1737.8704834,-55178.9257812,100368.117188
1581.05762748,78,-105148.148438,-81330.1953125,-52173.2421875,119147.625,-78578.0234375,2158.26220703,-54641.296875,104745.484375
1581.05973024,79,-105035.007812,-81196.265625,-52184.1484375,119174.453125,-78394.5390625,2522.26025391,-54230.71875,104666.15625
1581.06194617,80,-104474.21875,-81074.3828125,-52446.7148438,115315.960938,-78537.8359375,2499.68505859,-54339.125,100729.570312
1581.06407439,81,-104130.273438,-81107.5703125,-52654.296875,113103.203125,-78679.078125,2368.234375,-54575.3398438,98522.265625
1581.06615282,82,-104357.140625,-81250.421875,-52623.25,115585.140625,-78552.2109375,2485.1340332,-54448.5585938,101088.242188
1581.06817453,83,-104769.648438,-81288.53125,-52444.65625,119812.148438,-78203.1875,2925.86572266,-53902.5039062,105346.96875
1581.07054509,84,-104644.65625,-81146.6484375,-52464.8203125,119744.445312,-78039.078125,3257.47607422,-53531.3320312,105212.210938
1581.07272118,85,-104080.226562,-81022.96875,-52728.078125,115862.617188,-78192.640625,3210.00097656,-53664.3242188,101246.023438
1581.07480523,86,-103732.59375,-81044.71875,-52921.7578125,113631.929688,-78326.75,3069.49804688,-53906.3710938,99051.0625
1581.07694064,87,-103955.953125,-81175.078125,-52876.9648438,116097.53125,-78190.671875,3181.234375,-53783.5273438,101602.15625
1581.07906371,88,-104373.546875,-81216.875,-52707.7148438,120309.40625,-77859.0390625,3591.32177734,-53262.5078125,105840.875
1581.08122709,89,-104259.507812,-81094.5,-52752.3515625,120244.648438,-77725.3984375,3884.7109375,-52927.1210938,105720.976562
1581.08328468,90,-103689.296875,-80958.7109375,-53002.7382812,116336.429688,-77866.8203125,3844.34350586,-53061.7460938,101749.164062
1581.08553072,91,-103335.289062,-80960.3671875,-53174.7773438,114118.976562,-77982.015625,3715.91040039,-53300.6640625,99556.1875
1581.11506077,92,-103561.578125,-81079.9921875,-53118.8984375,116643.179688,-77839.6796875,3827.2668457,-53181.328125,102166.898438
1581.11717185,93,-104001.4375,-81149.21875,-52983.8945312,120875.617188,-77548.796875,4192.94140625,-52706.7304688,106447.679688
1581.1193106,94,-103890.929688,-81032.3828125,-53034.3398438,120795.578125,-77421.953125,4471.68994141,-52388.734375,106265.289062
1581.1216521,95,-103321.09375,-80894.140625,-53282.6914062,116862.898438,-77561.421875,4424.50537109,-52530.0195312,102295.796875
1581.1237935,96,-102980.164062,-80908.0390625,-53459.828125,114681.953125,-77682.015625,4283.46582031,-52778.546875,100169.234375
1581.12589682,97,-103228.421875,-81051.7421875,-53421.875,117309.46875,-77560.0859375,4367.97802734,-52682.8164062,102819.453125
1581.12804067,98,-103650.226562,-81091.28125,-53254.171875,121487.453125,-77232.5625,4766.41992188,-52177.890625,107039.9375
1581.13022415,99,-103520.335938,-80946.0390625,-53278.5117188,121317.851562,-77080.3671875,5066.71582031,-51842.4570312,106801.304688
1581.13237732,100,-102954.125,-80809.5390625,-53529.5664062,117396.148438,-77224.3828125,5008.22119141,-51994.5625,102818.382812
1581.13441257,101,-102630.585938,-80837.921875,-53726.484375,115295.6875,-77365.1953125,4839.84570312,-52268.3476562,100740.09375
1581.13652158,102,-102888.8125,-80987.5703125,-53696.0859375,117936.65625,-77250.4453125,4916.40039062,-52177.9570312,103470.335938
1581.13884928,103,-103310.257812,-81023.796875,-53525.2070312,122107.046875,-76919.390625,5317.21191406,-51667.734375,107673.5625
1581.14297723,104,-103182.5625,-80885.3984375,-53560.5703125,121910.101562,-76778.484375,5604.49853516,-51342.3164062,107388.640625
1581.14534707,105,-102616.609375,-80750.6171875,-53811.1757812,117977.695312,-76926.1015625,5542.51757812,-51498.015625,103400.15625
1581.14760555,106,-102284.625,-80763.0859375,-53985.296875,115880.609375,-77049.7734375,5389.56445312,-51758.0585938,101319.007812
1581.17486977,107,-102532.34375,-80884.4140625,-53923.203125,118493.664062,-76907.3046875,5489.29785156,-51648.2421875,104004.632812
1581.17714919,108,-102953.5,-80923.9765625,-53758.0898438,122641.296875,-76588.453125,5871.9375,-51157.265625,108186.710938
1581.17933465,109,-102825.0625,-80796.0390625,-53807.7773438,122398.039062,-76467.53125,6136.29150391,-50859.25,107868.421875
1581.18154089,110,-102264.976562,-80671.109375,-54075.1289062,118458.75,-76633.828125,6049.38769531,-51042.4882812,103865.296875
1581.18361396,111,-101945.546875,-80694.7578125,-54266.8828125,116376.773438,-76773.6796875,5875.89355469,-51321.953125,101807.882812
1581.18585197,112,-102198.765625,-80820.53125,-54216.2578125,119012.109375,-76644.0625,5958.14794922,-51225.4140625,104521.609375
1581.18795702,113,-102607.046875,-80842.8828125,-54041.7109375,123084.664062,-76318.78125,6343.13427734,-50733.3203125,108622.4375
1581.19026602,114,-102467.523438,-80702.9140625,-54084.671875,122734.414062,-76200.828125,6593.5859375,-50447.1953125,108196.726562
1581.1924419,115,-101894.140625,-80559.6015625,-54325.0664062,118712.0625,-76355.28125,6507.24121094,-50629.2929688,104112.929688
1581.19456366,116,-101565.296875,-80559.640625,-54479.8515625,116591.976562,-76476.8046875,6340.00537109,-50902.1210938,102021.476562
1581.19666199,117,-101827.554688,-80687.6484375,-54418.5390625,119227.515625,-76355.640625,6403.72998047,-50822.4804688,104745.507812
1581.19870943,118,-102234.84375,-80707.8359375,-54233.734375,123243.789062,-76036.1640625,6773.36083984,-50346.9023438,108781.046875
1581.20085484,119,-102096.53125,-80584.4296875,-54291.7617188,122804.53125,-75946.9140625,6988.92089844,-50101.859375,108289.734375
1581.20295457,120,-101541.289062,-80472.984375,-54557.2109375,118833.5625,-76129.7734375,6867.01464844,-50321.578125,104247.28125
1581.20515253,121,-101223.492188,-80484.65625,-54713.71875,116767.476562,-76250.15625,6697.99072266,-50596.8398438,102214.882812
1581.23452779,122,-101502.867188,-80629.2265625,-54666.6914062,119500.765625,-76138.21875,6751.27734375,-50526.9882812,105015.875
1581.23670945,123,-101918.34375,-80660.9375,-54502.1367188,123538.273438,-75828.1796875,7112.54882812,-50063.953125,109083.445312
1581.23882392,124,-101771.851562,-80531.8828125,-54564.5664062,123077.734375,-75726.3046875,7338.99414062,-49810.8867188,108546.640625
1581.24105641,125,-101213.210938,-80404.4296875,-54818.2109375,119102.25,-75886.453125,7239.17138672,-50012.5429688,104503.96875
1581.24316942,126,-100907.265625,-80413.4609375,-54972.1054688,117105.414062,-76000.671875,7074.59521484,-50282.5742188,102542.828125
1581.24529942,127,-101188.265625,-80540.8671875,-54903.0820312,119843.929688,-75865.953125,7149.29492188,-50191.9140625,105369.992188
1581.24738493,128,-101621.085938,-80590.2421875,-54754.578125,123907.453125,-75578.4921875,7489.17529297,-49745.4179688,109459.796875
1581.24947508,129,-101483.3125,-80475.625,-54822.3242188,123441.015625,-75489.5078125,7706.79199219,-49498.25,108911.289062
1581.25167012,130,-100940.726562,-80373.1640625,-55086.5234375,119501.03125,-75669.75,7586.09277344,-49716.4492188,104913.117188
1581.25375522,131,-100652.585938,-80405.3046875,-55246.875,117579.585938,-75799.4609375,7405.28955078,-49999.3789062,102997.867188
1581.25586391,132,-100948.75,-80551.9765625,-55183.7539062,120371.875,-75674.203125,7473.55175781,-49911.734375,105894.023438
1581.25813416,133,-101375.398438,-80597.125,-55020.5195312,124398.859375,-75369.9453125,7834.35351562,-49444.3828125,109963.476562
1581.26035249,134,-101234.25,-80479.2421875,-55083.4140625,123887.3125,-75275.1796875,8058.54150391,-49192.5898438,109361.5625
1581.26249805,135,-100689.710938,-80369.7890625,-55342.1601562,119931.90625,-75445.609375,7949.75537109,-49404.21875,105334.539062
1581.26465643,136,-100420.601562,-80423.71875,-55532.2148438,118072.734375,-75597.625,7749.01464844,-49707.5078125,103507.304688
1581.29553632,137,-100724.585938,-80573.8828125,-55480.3164062,120921.28125,-75473.5234375,7817.65673828,-49616.0898438,106449.375
1581.29771043,138,-101144.390625,-80606.828125,-55317.5039062,124923.476562,-75159.015625,8189.03076172,-49136.5117188,110481.945312
1581.29979886,139,-100994.546875,-80483.671875,-55386.90625,124375.210938,-75063.8828125,8415.16308594,-48886.7070312,109827.617188
1581.30204499,140,-100443.734375,-80374.90625,-55650.3242188,120394.898438,-75234.046875,8308.90332031,-49094.9140625,105799.929688
1581.3042053,141,-100159.328125,-80400.71875,-55806.4257812,118528.0625,-75350.6796875,8147.34472656,-49361.1679688,103956.109375
1581.30642357,142,-100473.53125,-80556.3828125,-55759.2890625,121430.945312,-75236.6875,8210.68945312,-49275.8945312,106949.453125
1581.30863289,143,-100896.421875,-80596.8359375,-55603.6757812,125425.453125,-74932.90625,8575.93945312,-48804.1640625,110965.820312
1581.31089361,144,-100748.5,-80488.2265625,-55685.59375,124845.0,-74853.421875,8790.60546875,-48561.9570312,110302.929688
1581.31303204,145,-100201.570312,-80384.1796875,-55948.515625,120878.75,-75028.1015625,8683.47363281,-48770.34375,106289.429688
1581.31507776,146,-99927.8984375,-80418.625,-56108.5546875,119062.15625,-75153.3359375,8514.62890625,-49045.046875,104483.835938
1581.31716979,147,-100232.820312,-80550.703125,-56029.3203125,121935.226562,-75009.125,8607.07519531,-48935.859375,107445.125
1581.31926962,148,-100653.90625,-80589.234375,-55874.8242188,125906.28125,-74714.53125,8967.31835938,-48472.0390625,111436.476562
1581.3214642,149,-100503.679688,-80473.8828125,-55955.4023438,125289.773438,-74635.578125,9185.6953125,-48228.2929688,110741.226562
1581.32360789,150,-99962.546875,-80375.5078125,-56233.7695312,121332.507812,-74824.4765625,9063.20800781,-48450.6679688,106737.359375
1581.3256984,151,-99683.703125,-80394.796875,-56383.4804688,119474.679688,-74934.578125,8906.25390625,-48711.7148438,104899.125
1581.35514715,152,-99990.796875,-80524.484375,-56311.5546875,122363.796875,-74798.1015625,8990.29589844,-48607.8242188,107870.320312
1581.35735475,153,-100411.296875,-80563.8203125,-56166.625,126302.625,-74513.0078125,9340.19042969,-48150.53125,111837.492188
1581.35954583,154,-100251.6875,-80442.2265625,-56250.8007812,125605.179688,-74438.9765625,9552.53222656,-47914.5625,111074.890625
1581.36178629,155,-99698.796875,-80326.15625,-56514.171875,121603.640625,-74616.9140625,9438.44921875,-48133.2304688,106987.5
1581.36395993,156,-99427.421875,-80353.8046875,-56677.6328125,119774.460938,-74747.609375,9255.76757812,-48417.5,105200.09375
1581.36605977,157,-99741.3046875,-80492.25,-56616.1210938,122689.59375,-74623.5546875,9322.17480469,-48323.1757812,108197.929688
1581.36814403,158,-100152.671875,-80523.8125,-56469.0664062,126546.726562,-74336.25,9668.22460938,-47865.5664062,112096.65625
1581.37031834,159,-99985.1640625,-80402.0,-56556.5507812,125759.273438,-74270.7578125,9862.90820312,-47646.0078125,111218.726562
1581.37245063,160,-99439.3828125,-80299.0,-56829.0625,121721.140625,-74467.875,9721.08691406,-47889.0585938,107124.601562
1581.37447802,161,-99173.8203125,-80331.1171875,-56988.0078125,119914.851562,-74606.75,9523.58691406,-48186.984375,105330.273438
1581.37659889,162,-99482.875,-80454.0546875,-56902.9375,122795.632812,-74474.1328125,9593.65917969,-48091.8789062,108297.84375
1581.37871154,163,-99876.109375,-80463.1484375,-56731.1640625,126549.71875,-74174.7578125,9946.54882812,-47635.859375,112107.875
1581.38086648,164,-99701.09375,-80335.6328125,-56815.0507812,125688.953125,-74117.0234375,10124.7587891,-47437.4648438,111140.25
1581.38298648,165,-99153.6796875,-80226.21875,-57079.4492188,121605.0,-74320.8671875,9965.90527344,-47699.8515625,106975.71875
1581.38526485,166,-98885.5234375,-80238.359375,-57211.2109375,119742.296875,-74446.21875,9775.51269531,-47993.4648438,105171.84375
1581.4149374,167,-99200.640625,-80354.8125,-57115.4140625,122599.65625,-74318.8125,9832.06347656,-47913.7578125,108129.226562
1581.41713068,168,-99600.9140625,-80367.8203125,-56948.0429688,126337.289062,-74043.8671875,10151.3349609,-47490.9960938,111862.5
1581.41922557,169,-99422.125,-80234.203125,-57025.6015625,125387.203125,-73995.453125,10313.0498047,-47311.1328125,110836.554688
1581.42150014,170,-98879.671875,-80124.765625,-57286.203125,121283.515625,-74205.2890625,10137.8798828,-47590.8203125,106677.921875
1581.42360196,171,-98623.0234375,-80146.0703125,-57423.84375,119471.210938,-74348.609375,9915.50195312,-47916.53125,104894.703125
1581.42570309,172,-98952.5390625,-80277.359375,-57336.8945312,122369.742188,-74239.5546875,9944.04492188,-47864.2265625,107892.429688
1581.42779876,173,-99356.65625,-80297.140625,-57170.3320312,126062.679688,-73972.8515625,10248.0517578,-47456.484375,111604.429688
1581.42992141,174,-99185.0625,-80175.1015625,-57250.0585938,125079.890625,-73938.65625,10389.4707031,-47300.203125,110532.84375
1581.43207312,175,-98649.8515625,-80070.296875,-57504.265625,120963.460938,-74151.1484375,10204.7558594,-47592.765625,106354.789062
1581.43417791,176,-98407.7109375,-80099.15625,-57634.6445312,119172.234375,-74294.0234375,9974.55566406,-47923.8828125,104590.429688
1581.43629118,177,-98742.0078125,-80222.0234375,-57524.8984375,122085.65625,-74167.3984375,10018.4091797,-47857.921875,107598.820312
1581.43841435,178,-99149.2734375,-80246.921875,-57355.984375,125753.039062,-73903.1171875,10316.3583984,-47459.1445312,111289.40625
1581.44059064,179,-98989.546875,-80149.7109375,-57460.1875,124740.257812,-73896.7890625,10423.0429688,-47336.9726562,110190.210938
1581.44275131,180,-98478.4140625,-80074.4296875,-57733.8632812,120681.3125,-74132.0859375,10210.0976562,-47656.2421875,106075.523438
1581.44488818,181,-98250.0234375,-80109.234375,-57859.2109375,118949.679688,-74270.8203125,9984.72558594,-47982.4023438,104378.804688
1581.4745312,182,-98608.0078125,-80250.296875,-57768.2851562,121943.875,-74162.6875,10005.6015625,-47931.0585938,107457.640625
1581.47669974,183,-99023.7734375,-80276.15625,-57602.3671875,125594.695312,-73901.6640625,10297.7167969,-47537.4882812,111114.34375
1581.4787816,184,-98855.6640625,-80166.5859375,-57693.1171875,124496.554688,-73886.171875,10409.7880859,-47412.140625,109931.53125
1581.48104347,185,-98346.7109375,-80085.9453125,-57960.375,120415.039062,-74127.546875,10184.5048828,-47742.5,105793.421875
1581.48320367,186,-98133.1875,-80123.875,-58085.5234375,118699.164062,-74279.921875,9936.84765625,-48084.6835938,104124.257812
1581.48543111,187,-98488.71875,-80245.0234375,-57967.7304688,121660.273438,-74163.21875,9960.67480469,-48029.8984375,107179.03125
1581.48759292,188,-98899.6328125,-80259.7734375,-57788.78125,125239.257812,-73911.1875,10235.1318359,-47649.4726562,110755.9375
1581.48973005,189,-98721.28125,-80132.859375,-57861.2226562,124038.796875,-73897.3671875,10336.5644531,-47532.75,109477.953125
1581.49192635,190,-98206.546875,-80038.828125,-58109.5507812,119877.5,-74136.9140625,10104.2402344,-47871.5820312,105276.15625
1581.49399993,191,-97998.515625,-80065.46875,-58215.2539062,118160.28125,-74291.1640625,9844.89257812,-48228.4921875,103571.929688
1581.49610102,192,-98353.625,-80163.34375,-58063.0820312,121095.625,-74159.6484375,9872.04980469,-48170.4023438,106582.976562
1581.4981594,193,-98772.109375,-80179.7109375,-57885.25,124618.171875,-73926.8046875,10118.2548828,-47818.5859375,110142.445312
1581.50030882,194,-98599.515625,-80050.515625,-57950.453125,123379.125,-73922.71875,10201.6269531,-47728.5507812,108811.039062
1581.50244454,195,-98092.7109375,-79953.3984375,-58188.8789062,119197.960938,-74172.453125,9948.18066406,-48095.4101562,104571.179688
1581.50459088,196,-97892.796875,-79982.71875,-58285.8398438,117478.289062,-74334.8203125,9667.12988281,-48475.9492188,102900.257812
1581.50669239,197,-98263.609375,-80093.65625,-58136.1484375,120441.148438,-74223.9765625,9664.46972656,-48451.1171875,105950.21875
1581.53685228,198,-98672.359375,-80085.2265625,-57922.0195312,123895.71875,-73970.1484375,9924.93457031,-48095.859375,109411.765625
1581.538943,199,-98507.1796875,-79961.2890625,-57983.9570312,122608.078125,-73980.3828125,9983.20507812,-48032.7148438,108041.804688
1581.54116174,200,-98008.8671875,-79875.5703125,-58220.640625,118410.914062,-74248.8984375,9702.87011719,-48426.0820312,103815.179688
1581.54329934,201,-97825.984375,-79913.65625,-58309.0390625,116751.992188,-74425.875,9402.015625,-48831.6992188,102164.148438
1581.54541563,202,-98218.5078125,-80037.6875,-58161.3867188,119739.8125,-74335.015625,9373.29296875,-48843.2773438,105244.773438
1581.54750761,203,-98638.5625,-80038.5546875,-57949.7148438,123186.8125,-74097.3046875,9612.56933594,-48523.2695312,108694.703125
1581.5496026,204,-98486.5703125,-79933.28125,-58025.328125,121892.023438,-74129.9375,9643.97265625,-48500.6914062,107327.914062
1581.55179212,205,-98010.8828125,-79867.296875,-58266.4609375,117773.867188,-74404.1328125,9353.46777344,-48919.2734375,103156.34375
1581.55379055,206,-97841.8359375,-79907.6875,-58340.2890625,116171.914062,-74563.6796875,9071.16503906,-49315.234375,101596.125
1581.5559194,207,-98236.6328125,-80008.9375,-58153.1835938,119217.8125,-74427.640625,9088.93457031,-49278.7109375,104709.851562
1581.55807033,208,-98680.9609375,-80033.4609375,-57960.2421875,122705.78125,-74208.0390625,9314.62011719,-48962.6796875,108217.398438
1581.56035193,209,-98531.046875,-79927.46875,-58028.390625,121371.671875,-74233.71875,9359.30078125,-48915.921875,106828.976562
1581.5625487,210,-98055.0703125,-79848.234375,-58251.9335938,117247.351562,-74495.1015625,9082.22949219,-49307.0546875,102615.40625
1581.56469437,211,-97901.0859375,-79897.7890625,-58335.9296875,115663.304688,-74672.9765625,8776.18847656,-49714.4375,101068.375
1581.56675176,212,-98311.6640625,-80018.890625,-58166.59375,118720.507812,-74564.6171875,8764.20800781,-49701.0273438,104204.304688
1581.59683925,213,-98745.734375,-80031.1328125,-57956.3085938,122139.71875,-74333.71875,8998.09667969,-49372.34375,107657.15625
1581.59955528,214,-98607.671875,-79941.59375,-58037.6015625,120825.820312,-74378.2421875,9018.83984375,-49348.8085938,106236.90625
1581.60250319,215,-98143.3828125,-79864.9921875,-58252.8710938,116712.046875,-74633.59375,8746.28222656,-49737.078125,102065.976562
1581.60493318,216,-98003.546875,-79920.6328125,-58332.890625,115183.296875,-74808.203125,8443.3046875,-50138.4492188,100589.171875
1581.60751494,217,-98427.046875,-80053.6015625,-58167.21875,118309.195312,-74703.125,8430.56347656,-50118.0664062,103793.34375
1581.60980311,218,-98871.421875,-80084.6015625,-57974.8359375,121750.578125,-74489.515625,8653.96972656,-49795.3046875,107246.578125
1581.6121304,219,-98722.1796875,-79984.8671875,-58042.9414062,120359.789062,-74521.5234375,8692.23535156,-49753.796875,105764.5
1581.61426393,220,-98267.921875,-79925.5703125,-58271.6445312,116277.867188,-74796.2890625,8400.61230469,-50155.7265625,101632.109375
1581.61635465,221,-98127.015625,-79975.1875,-58337.046875,114761.03125,-74961.46875,8110.12939453,-50537.4726562,100161.65625
1581.61843522,222,-98551.8125,-80105.7890625,-58166.234375,117888.148438,-74862.0703125,8098.32763672,-50502.3789062,103385.203125
1581.62063531,223,-98993.4609375,-80136.4375,-57973.9648438,121285.726562,-74658.421875,8317.44140625,-50170.9726562,106787.757812
1581.62281729,224,-98834.8984375,-80037.0625,-58045.7148438,119820.351562,-74699.6640625,8351.17089844,-50122.9140625,105241.085938
1581.62489795,225,-98379.484375,-79978.71875,-58274.2382812,115734.71875,-74980.625,8056.75341797,-50513.2421875,101108.921875
1581.62705529,226,-98248.546875,-80032.921875,-58341.3828125,114289.835938,-75152.9765625,7762.828125,-50886.2929688,99686.90625
1581.62917997,227,-98684.203125,-80167.328125,-58178.8632812,117479.5625,-75060.78125,7748.70166016,-50852.765625,102950.640625
1581.65755836,228,-99123.2578125,-80191.9375,-57985.609375,120845.84375,-74850.515625,7980.84667969,-50509.21875,106350.5625
1581.65979997,229,-98972.3828125,-80103.78125,-58072.1132812,119392.023438,-74905.65625,8005.90332031,-50466.0585938,104797.851562
1581.66225818,230,-98521.6640625,-80049.2890625,-58301.5507812,115330.195312,-75180.9453125,7721.76757812,-50842.4179688,100699.34375
1581.66430162,231,-98409.4765625,-80129.375,-58389.484375,113966.15625,-75367.6875,7418.34277344,-51219.1328125,99376.6171875
1581.66642249,232,-98849.625,-80268.625,-58220.2382812,117203.789062,-75262.390625,7419.86279297,-51160.8398438,102677.296875
1581.668539,233,-99286.9609375,-80299.890625,-58031.8554688,120584.78125,-75054.5,7651.98583984,-50805.671875,106075.921875
1581.67076539,234,-99136.671875,-80220.3671875,-58126.3359375,119114.476562,-75115.296875,7675.96923828,-50758.3984375,104510.945312
1581.67293856,235,-98687.3984375,-80170.921875,-58359.1523438,115061.148438,-75392.609375,7393.82275391,-51132.03125,100419.367188
1581.6750534,236,-98572.734375,-80240.28125,-58434.8125,113712.375,-75563.1328125,7108.86035156,-51487.7578125,99112.3046875
1581.67706355,237,-99018.0078125,-80384.6953125,-58270.640625,116969.117188,-75462.3046875,7114.98486328,-51423.0507812,102450.789062
1581.6792962,238,-99449.1484375,-80413.578125,-58079.3320312,120314.945312,-75251.3515625,7357.09912109,-51063.8789062,105788.640625
1581.68146947,239,-99296.2578125,-80338.8515625,-58178.2617188,118801.6875,-75316.75,7379.54003906,-51021.4101562,104195.429688
1581.68355504,240,-98842.7890625,-80279.578125,-58391.1601562,114740.578125,-75572.9453125,7119.12011719,-51372.1757812,100091.804688
1581.68582539,241,-98740.75,-80357.671875,-58465.3242188,113466.578125,-75742.328125,6840.59472656,-51716.8867188,98873.078125
1581.68795075,242,-99191.9921875,-80495.8046875,-58290.1523438,116791.0625,-75622.0546875,6871.23925781,-51620.6601562,102288.445312
1581.71721429,243,-99625.90625,-80526.25,-58105.0585938,120148.429688,-75406.4453125,7121.64599609,-51249.21875,105646.484375
1581.7194334,244,-99471.0078125,-80455.53125,-58211.4960938,118620.59375,-75467.8046875,7151.01611328,-51202.0351562,104037.9375
1581.72160209,245,-99039.84375,-80426.2265625,-58456.1601562,114668.359375,-75744.1796875,6878.05664062,-51566.1445312,100041.671875
1581.7237627,246,-98959.3515625,-80526.71875,-58551.8242188,113529.851562,-75919.375,6605.18652344,-51903.9023438,98955.6015625
1581.72587343,247,-99428.0703125,-80685.328125,-58397.5976562,116963.570312,-75805.453125,6643.29589844,-51799.9453125,102480.890625
1581.7279391,248,-99869.7421875,-80735.8203125,-58236.5976562,120361.0625,-75598.3125,6900.34130859,-51420.2109375,105866.265625
1581.73017966,249,-99712.6328125,-80671.890625,-58354.390625,118843.398438,-75656.921875,6947.81640625,-51351.8125,104271.695312
1581.73230757,250,-99271.515625,-80631.6640625,-58587.5898438,114905.867188,-75906.7890625,6713.18994141,-51676.9414062,100295.5625
1581.73430064,1,-99191.1640625,-80731.484375,-58682.2265625,113854.375,-76066.4765625,6465.57714844,-51987.453125,99274.46875
1581.73642558,2,-99661.421875,-80894.828125,-58534.7265625,117342.765625,-75943.875,6521.38964844,-51864.6953125,102835.859375
1581.73854755,3,-100084.359375,-80927.734375,-58365.1210938,120665.53125,-75712.8046875,6812.02929688,-51457.4921875,106165.265625
1581.7406891,4,-99903.15625,-80841.8359375,-58473.0351562,119055.671875,-75749.1875,6888.3828125,-51366.140625,104475.765625
1581.74281967,5,-99461.7109375,-80804.7109375,-58722.6835938,115107.75,-76009.140625,6648.99560547,-51697.796875,100471.25
1581.74496555,6,-99373.7109375,-80891.453125,-58811.9101562,114027.71875,-76158.0703125,6415.17431641,-51994.6054688,99438.484375
1581.74700168,7,-99826.3359375,-81031.3984375,-58648.7851562,117469.125,-76014.9765625,6496.57910156,-51847.8007812,102973.90625
1581.77688116,8,-100239.054688,-81069.6875,-58499.2539062,120742.46875,-75803.234375,6768.97998047,-51455.7929688,106250.695312
1581.77906006,9,-100051.304688,-80997.5390625,-58630.234375,119090.1875,-75862.359375,6820.92529297,-51389.140625,104503.96875
1581.78139552,10,-99595.5546875,-80952.3671875,-58870.6289062,115109.515625,-76110.4609375,6589.18261719,-51714.4726562,100484.148438
1581.78355353,11,-99498.078125,-81026.1015625,-58942.2421875,114060.796875,-76238.6015625,6372.50488281,-51992.6835938,99462.984375
1581.7857528,12,-99950.8515625,-81167.0078125,-58781.6914062,117547.132812,-76094.59375,6455.89892578,-51845.3867188,103022.03125
1581.78790862,13,-100350.820312,-81192.3984375,-58619.3710938,120779.820312,-75866.2890625,6748.41650391,-51439.0078125,106252.390625
1581.7900809,14,-100157.273438,-81122.5078125,-58754.6445312,119104.492188,-75927.625,6796.69628906,-51377.25,104484.234375
1581.79222684,15,-99707.265625,-81093.4921875,-59009.8125,115165.664062,-76191.7109375,6550.58105469,-51717.21875,100491.789062
1581.79433459,16,-99610.6796875,-81170.0,-59079.4140625,114149.21875,-76319.6484375,6337.34521484,-51990.4257812,99527.8046875
1581.7964275,17,-100054.789062,-81301.0703125,-58906.1914062,117660.210938,-76164.265625,6434.50830078,-51827.59375,103106.789062
1581.79848707,18,-100452.3125,-81338.3125,-58763.2265625,120882.03125,-75957.0390625,6707.95947266,-51434.4023438,106333.414062
1581.80060123,19,-100233.804688,-81246.671875,-58877.3125,119112.695312,-75994.453125,6788.22460938,-51348.4179688,104486.132812
1581.80270987,20,-99778.0078125,-81215.484375,-59134.0898438,115169.039062,-76259.7265625,6543.04833984,-51692.140625,100513.25
1581.80486455,21,-99680.6015625,-81287.84375,-59201.7695312,114170.71875,-76380.9140625,6336.33935547,-51962.9335938,99562.46875
1581.80693569,22,-100129.84375,-81426.265625,-59038.2421875,117691.414062,-76231.2734375,6422.84082031,-51806.9179688,103174.0625
1581.8365361,23,-100513.804688,-81452.953125,-58887.1445312,120861.109375,-76010.546875,6707.2890625,-51405.0351562,106339.5625
1581.83868656,24,-100288.992188,-81359.4765625,-59007.3984375,119073.953125,-76051.8515625,6780.58056641,-51324.7695312,104461.054688
1581.84092078,25,-99815.828125,-81307.9765625,-59244.5507812,115112.109375,-76294.9765625,6551.40820312,-51649.9882812,100457.882812
1581.84308337,26,-99721.1875,-81391.7578125,-59327.3203125,114148.859375,-76435.5,6317.83251953,-51945.1171875,99558.6015625
1581.84522795,27,-100153.765625,-81512.8125,-59146.515625,117646.28125,-76271.9765625,6413.63183594,-51780.3632812,103133.5
1581.8472619,28,-100514.25,-81511.984375,-58971.7265625,120731.0,-76031.25,6714.41943359,-51361.3789062,106210.054688
1581.8493683,29,-100275.804688,-81408.3203125,-59085.8085938,118870.398438,-76074.25,6779.32861328,-51289.453125,104245.007812
1581.85156204,30,-99802.7734375,-81361.0,-59326.5820312,114887.539062,-76330.1328125,6531.0234375,-51637.3789062,100223.1875
1581.85369365,31,-99701.0078125,-81431.2265625,-59390.640625,113931.554688,-76455.015625,6310.27734375,-51923.3046875,99326.1015625
1581.85579499,32,-100134.179688,-81550.453125,-59207.4921875,117444.625,-76293.765625,6400.86914062,-51762.5039062,102939.078125
1581.85795113,33,-100496.484375,-81565.3125,-59050.4257812,120531.828125,-76077.9609375,6673.58251953,-51373.5625,106003.101562
1581.85999477,34,-100257.898438,-81476.1796875,-59177.40625,118647.59375,-76140.6328125,6717.61572266,-51327.6757812,104027.140625
1581.86231898,35,-99783.8671875,-81426.7578125,-59412.9726562,114665.320312,-76397.34375,6464.10205078,-51678.4414062,100030.765625
1581.86446434,36,-99679.1015625,-81483.8671875,-59459.9101562,113733.8125,-76510.890625,6247.80419922,-51958.2617188,99149.609375
1581.86652329,37,-100125.578125,-81613.6171875,-59289.0507812,117307.054688,-76364.421875,6321.52050781,-51818.8085938,102775.109375
1581.89632,38,-100479.5625,-81616.8828125,-59125.9726562,120314.726562,-76140.5703125,6598.68212891,-51430.3789062,105787.742188
1581.89854979,39,-100222.648438,-81506.6875,-59237.0859375,118333.445312,-76192.3359375,6643.58642578,-51383.4882812,103719.492188
1581.9007341,40,-99752.5703125,-81460.015625,-59474.2578125,114368.671875,-76457.625,6377.109375,-51750.9726562,99717.1484375
1581.90285159,41,-99658.625,-81523.2734375,-59520.953125,113492.882812,-76580.140625,6149.16601562,-52041.4765625,98892.140625
1581.90497628,42,-100092.070312,-81627.0703125,-59317.7539062,117043.75,-76406.578125,6243.98193359,-51879.7382812,102520.390625
1581.90707517,43,-100451.867188,-81640.953125,-59170.7460938,120044.335938,-76206.6640625,6490.38769531,-51520.7929688,105513.015625
1581.90925308,44,-100197.304688,-81532.2109375,-59286.6601562,118018.734375,-76266.7421875,6523.37890625,-51488.3828125,103408.984375
1581.91141255,45,-99728.859375,-81477.921875,-59513.015625,114057.328125,-76526.40625,6256.23095703,-51858.4375,99399.546875
1581.91359656,46,-99640.7890625,-81540.5078125,-59557.2070312,113202.195312,-76648.828125,6023.30322266,-52158.0859375,98594.1484375
1581.91570546,47,-100082.101562,-81648.4453125,-59358.2109375,116755.03125,-76482.7734375,6106.11669922,-52007.03125,102233.992188
1581.91783909,48,-100427.617188,-81641.6875,-59185.8789062,119683.664062,-76265.2265625,6370.26953125,-51633.0,105153.0
1581.9199243,49,-100167.796875,-81525.4375,-59290.1484375,117617.453125,-76323.296875,6399.12548828,-51605.5273438,103005.84375
1581.92217632,50,-99708.8515625,-81477.4296875,-59518.046875,113664.476562,-76589.9296875,6114.54345703,-51988.5273438,99014.046875
1581.92428694,51,-99634.421875,-81546.3828125,-59559.375,112860.773438,-76712.171875,5877.45849609,-52291.3710938,98247.1171875
1581.92634458,52,-100087.132812,-81662.5234375,-59360.3554688,116455.539062,-76552.265625,5955.42138672,-52146.9570312,101937.945312
1581.95724296,53,-100435.640625,-81660.6484375,-59189.3398438,119355.835938,-76336.8203125,6214.9921875,-51779.5390625,104824.382812
1581.95944035,54,-100181.304688,-81557.6484375,-59302.8671875,117255.304688,-76408.078125,6228.47021484,-51770.953125,102641.21875
1581.9617056,55,-99728.6796875,-81517.640625,-59527.9023438,113324.0625,-76678.2421875,5942.99365234,-52161.0820312,98653.4453125
1581.9639381,56,-99665.4453125,-81593.1875,-59567.4453125,112584.820312,-76802.5390625,5706.02050781,-52462.671875,97962.78125
1581.96596715,57,-100133.109375,-81720.8359375,-59377.5429688,116265.570312,-76651.3984375,5778.90917969,-52317.8125,101722.546875
1581.96806933,58,-100478.671875,-81715.65625,-59205.859375,119140.1875,-76438.359375,6039.48583984,-51947.375,104598.8125
1581.97022339,59,-100222.09375,-81618.109375,-59326.515625,117023.429688,-76519.3203125,6045.20800781,-51949.6992188,102387.867188
1581.97235583,60,-99772.8671875,-81579.8203125,-59551.7070312,113111.3125,-76786.46875,5761.83251953,-52341.4375,98430.015625
1581.97446254,61,-99719.109375,-81650.7890625,-59577.703125,112426.90625,-76895.34375,5538.96337891,-52627.1601562,97801.6875
1581.97650998,62,-100190.421875,-81768.6484375,-59367.4414062,116130.523438,-76723.859375,5630.80664062,-52461.6445312,101587.226562
1581.97863554,63,-100540.742188,-81768.40625,-59199.4882812,118995.59375,-76515.8515625,5888.41064453,-52097.9140625,104436.3125
1581.98075751,64,-100290.867188,-81678.4140625,-59327.140625,116853.085938,-76605.0625,5885.19189453,-52108.265625,102222.195312
1581.98289094,65,-99846.203125,-81638.046875,-59540.0625,112976.84375,-76865.171875,5609.19238281,-52485.4960938,98303.328125
1581.98514615,66,-99801.8828125,-81710.8046875,-59559.1054688,112391.164062,-76970.734375,5394.28076172,-52761.0898438,97748.0
1581.98728687,67,-100287.09375,-81838.8359375,-59354.9921875,116165.882812,-76805.8671875,5486.34765625,-52595.9570312,101621.179688
1582.0169403,68,-100644.585938,-81851.0625,-59197.0742188,119058.867188,-76604.5234375,5743.01269531,-52230.0820312,104502.742188
1582.01909373,69,-100390.085938,-81747.8828125,-59307.2460938,116921.953125,-76669.9921875,5771.75683594,-52211.3945312,102266.742188
1582.02131555,70,-99960.0625,-81704.4296875,-59511.2734375,113143.8125,-76913.265625,5521.12695312,-52564.6875,98455.4296875
1582.02347017,71,-99943.3203125,-81798.109375,-59548.5546875,112705.632812,-77025.9453125,5309.05322266,-52835.34375,98072.6171875
1582.02550241,72,-100447.195312,-81936.4453125,-59353.7382812,116624.875,-76855.359375,5421.23681641,-52646.671875,102075.117188
1582.0276324,73,-100811.773438,-81949.7890625,-59202.5976562,119567.617188,-76642.03125,5706.53466797,-52253.0351562,105003.445312
1582.02973494,74,-100562.21875,-81853.25,-59324.4570312,117476.585938,-76702.78125,5754.07666016,-52213.2265625,102828.734375
1582.03192066,75,-100138.09375,-81811.5234375,-59531.1445312,113772.59375,-76934.5703125,5526.82666016,-52539.6523438,99092.96875
1582.03403654,76,-100141.109375,-81918.8046875,-59579.5585938,113469.929688,-77047.15625,5330.98046875,-52787.3085938,98836.3046875
1582.03619654,77,-100648.5,-82047.484375,-59374.1914062,117450.234375,-76848.8515625,5491.48828125,-52550.1132812,102887.273438
1582.03830413,78,-101003.976562,-82044.78125,-59213.078125,120392.085938,-76612.8203125,5818.00244141,-52113.7851562,105829.945312
1582.04048558,79,-100751.78125,-81946.234375,-59342.8984375,118314.984375,-76670.2421875,5885.05761719,-52054.3515625,103647.992188
1582.04261219,80,-100339.75,-81915.03125,-59568.3164062,114678.039062,-76910.09375,5667.12841797,-52369.8671875,99978.2109375
1582.04471088,81,-100330.296875,-81988.4375,-59584.8125,114381.34375,-76976.59375,5530.73779297,-52553.9570312,99759.1015625
1582.04684301,82,-100830.664062,-82099.5703125,-59373.1835938,118382.304688,-76764.6953125,5716.19042969,-52286.8085938,103839.835938
1582.0779093,83,-101181.40625,-82099.0546875,-59230.46875,121319.703125,-76539.34375,6045.36474609,-51845.453125,106761.609375
1582.08020403,84,-100924.8125,-82003.7890625,-59378.1679688,119224.875,-76606.8515625,6117.58300781,-51779.046875,104576.28125
1582.08236517,85,-100487.898438,-81944.3125,-59583.2460938,115540.640625,-76814.2734375,5941.33935547,-52056.296875,100864.125
1582.084501,86,-100460.070312,-81994.0703125,-59590.1289062,115251.71875,-76859.7578125,5834.16308594,-52219.171875,100619.570312
1582.0867275,87,-100956.859375,-82113.6953125,-59401.0585938,119270.648438,-76658.546875,6016.10595703,-51955.8710938,104724.382812
1582.08888353,88,-101284.0,-82095.96875,-59255.4570312,122144.53125,-76417.4609375,6368.88378906,-51491.5117188,107591.21875
1582.09109347,89,-101004.828125,-81985.953125,-59402.578125,119986.578125,-76475.7109375,6450.57910156,-51412.453125,105356.15625
1582.09323836,90,-100566.914062,-81936.21875,-59633.4023438,116327.507812,-76700.4375,6259.02490234,-51701.84375,101656.445312
1582.09526601,91,-100541.742188,-82002.8046875,-59666.5976562,116075.46875,-76762.5703125,6140.78417969,-51876.8789062,101452.914062
1582.09737356,92,-101020.117188,-82108.5546875,-59471.5546875,120077.773438,-76544.6875,6345.32519531,-51591.7148438,105537.625
1582.09950214,93,-101323.117188,-82070.484375,-59315.4726562,122868.414062,-76283.7109375,6719.13574219,-51109.921875,108316.085938
1582.10164578,94,-101035.789062,-81962.1015625,-59473.453125,120670.203125,-76345.6484375,6800.13818359,-51037.0585938,106034.820312
1582.10376249,95,-100581.195312,-81898.1796875,-59687.6523438,116988.984375,-76547.1484375,6632.29882812,-51309.546875,102320.695312
1582.1058253,96,-100539.46875,-81941.359375,-59693.8632812,116738.195312,-76577.546875,6542.44482422,-51454.5859375,102135.359375
1582.10793123,97,-100997.851562,-82017.6484375,-59469.65625,120733.617188,-76324.8828125,6782.77099609,-51138.6015625,106213.257812
1582.13642362,98,-101298.304688,-81990.046875,-59334.6953125,123516.390625,-76080.9375,7140.80126953,-50679.4296875,108976.195312
1582.13850205,99,-100991.75,-81864.6484375,-59481.859375,121251.4375,-76128.34375,7232.66699219,-50603.7226562,106619.898438
1582.14082074,100,-100539.015625,-81803.4921875,-59708.1015625,117586.898438,-76341.578125,7051.66259766,-50894.6328125,102915.210938
1582.14302365,101,-100506.40625,-81853.875,-59726.140625,117403.03125,-76380.4296875,6955.7734375,-51050.5117188,102784.1875
1582.14513385,102,-100972.617188,-81944.671875,-59520.0585938,121435.421875,-76145.4453125,7182.12939453,-50750.84375,106889.304688
1582.14722572,103,-101249.203125,-81897.9296875,-59370.1679688,124126.054688,-75886.765625,7558.73388672,-50274.4609375,109573.820312
1582.14927801,104,-100933.125,-81777.6328125,-59531.8164062,121820.609375,-75952.078125,7634.88671875,-50213.5078125,107179.65625
1582.15142279,105,-100475.296875,-81718.0859375,-59758.9765625,118157.289062,-76166.2265625,7450.88671875,-50506.0898438,103490.5
1582.15356231,106,-100433.25,-81758.4140625,-59768.3867188,117973.867188,-76194.90625,7360.72021484,-50658.0820312,103350.015625
1582.15567236,107,-100880.148438,-81822.671875,-59539.9296875,121955.03125,-75934.3515625,7605.09179688,-50343.5273438,107409.046875
1582.15776641,108,-101145.601562,-81770.6640625,-59392.6992188,124588.351562,-75681.4609375,7967.36865234,-49886.8359375,110019.15625
1582.15983979,109,-100814.976562,-81631.2734375,-59534.921875,122171.234375,-75733.1171875,8050.02539062,-49830.8007812,107514.882812
1582.16208187,110,-100358.546875,-81569.25,-59757.7695312,118487.179688,-75955.25,7849.84326172,-50146.453125,103798.21875
1582.16435686,111,-100323.148438,-81617.59375,-59768.2734375,118324.054688,-75994.609375,7740.81152344,-50320.640625,103697.320312
1582.16646076,112,-100776.617188,-81693.1015625,-59553.0273438,122315.476562,-75756.296875,7956.97509766,-50036.4804688,107765.78125
1582.19620612,113,-101032.90625,-81632.796875,-59402.4882812,124879.039062,-75506.765625,8310.33398438,-49590.6757812,110309.257812
1582.19833997,114,-100690.898438,-81487.3515625,-59543.1914062,122407.828125,-75563.359375,8377.74707031,-49552.0078125,107759.03125
1582.20057704,115,-100217.6875,-81406.7109375,-59746.6601562,118670.617188,-75771.25,8181.49853516,-49866.0507812,104004.320312
1582.20272396,116,-100179.421875,-81444.8203125,-59748.6054688,118508.65625,-75811.171875,8066.74462891,-50046.4960938,103889.65625
1582.20483838,117,-100631.195312,-81513.03125,-59527.6367188,122462.726562,-75575.3828125,8274.23535156,-49769.3320312,107923.5
1582.20694895,118,-100865.46875,-81427.2265625,-59355.6601562,124884.765625,-75314.25,8631.08105469,-49327.015625,110326.15625
1582.20906352,119,-100507.101562,-81270.515625,-59488.296875,122292.117188,-75376.4765625,8680.25488281,-49314.0273438,107651.367188
1582.21114919,120,-100032.6875,-81188.9375,-59685.9960938,118524.570312,-75592.0546875,8463.84570312,-49651.8984375,103854.71875
1582.21326871,121,-100002.84375,-81236.5,-59689.1484375,118383.9375,-75647.109375,8321.66601562,-49856.4140625,103776.0
1582.21549417,122,-100447.6875,-81296.46875,-59452.6445312,122319.8125,-75406.515625,8523.72558594,-49585.625,107774.414062
1582.21759708,123,-100674.671875,-81213.3671875,-59285.0742188,124661.335938,-75158.1640625,8853.45898438,-49169.9492188,110097.335938
1582.21973447,124,-100309.351562,-81055.71875,-59418.3789062,121990.476562,-75230.0234375,8879.7890625,-49180.3632812,107338.351562
1582.22191821,125,-99834.0,-80969.734375,-59604.4140625,118175.867188,-75442.4140625,8652.67285156,-49530.7265625,103499.507812
1582.22395789,126,-99811.875,-81013.453125,-59593.2148438,118042.9375,-75492.390625,8501.24023438,-49745.2148438,103413.429688
1582.22607502,127,-100269.609375,-81085.890625,-59361.0703125,121971.125,-75268.4296875,8673.72851562,-49501.1132812,107416.445312
1582.25709741,128,-100496.953125,-81006.9921875,-59189.7421875,124256.007812,-75031.5,8982.16015625,-49106.3125,109689.640625
1582.25929402,129,-100126.25,-80844.046875,-59307.046875,121535.554688,-75105.75,8994.25292969,-49130.609375,106876.03125
1582.26152937,130,-99675.7265625,-80789.6875,-59517.8671875,117761.4375,-75361.7890625,8710.16210938,-49533.7226562,103072.34375
1582.26366942,131,-99673.6015625,-80860.09375,-59524.8632812,117672.234375,-75441.65625,8515.58984375,-49786.3632812,103051.171875
1582.26592717,132,-100131.101562,-80928.421875,-59281.5429688,121590.023438,-75215.1875,8680.76953125,-49548.9453125,107039.796875
1582.26804643,133,-100354.210938,-80841.0546875,-59099.5976562,123800.296875,-74977.1640625,8977.77929688,-49168.0039062,109220.679688
1582.27027028,134,-99988.046875,-80680.1171875,-59214.21875,121003.203125,-75060.9140625,8965.6875,-49217.3125,106332.992188
1582.27244329,135,-99532.6953125,-80607.34375,-59395.7148438,117195.921875,-75298.6484375,8688.74902344,-49618.3476562,102493.03125
1582.27451532,136,-99523.7578125,-80648.7578125,-59362.03125,117086.234375,-75350.5703125,8513.17578125,-49857.890625,102450.429688
1582.27661474,137,-99987.0234375,-80713.7578125,-59109.7265625,121004.765625,-75129.734375,8663.60351562,-49639.0429688,106447.570312
1582.27868041,138,-100220.976562,-80650.4609375,-58951.921875,123194.65625,-74930.4453125,8912.64648438,-49308.1953125,108614.148438
1582.28082472,139,-99851.75,-80489.953125,-59058.984375,120334.84375,-75015.1171875,8890.67480469,-49374.0429688,105664.34375
1582.28295352,140,-99394.9453125,-80406.3984375,-59219.2265625,116505.789062,-75242.0546875,8613.15527344,-49780.328125,101808.242188
1582.28515934,141,-99406.5234375,-80460.8671875,-59190.6367188,116455.3125,-75309.0625,8412.4140625,-50044.6835938,101823.710938
1582.28729215,142,-99887.953125,-80541.5625,-58946.0429688,120410.476562,-75105.6640625,8538.65722656,-49846.984375,105852.789062
1582.31684152,143,-100115.71875,-80468.2890625,-58770.7382812,122548.132812,-74896.765625,8791.92480469,-49510.140625,107964.492188
1582.31900943,144,-99762.296875,-80334.40625,-58900.8046875,119698.710938,-75016.96875,8728.87011719,-49613.2070312,105030.351562
1582.32125989,145,-99329.71875,-80281.5234375,-59078.4765625,115946.234375,-75270.84375,8418.06933594,-50044.328125,101252.421875
1582.32341301,146,-99341.6328125,-80324.640625,-59019.7148438,115925.960938,-75315.09375,8236.23828125,-50283.625,101296.453125
1582.32543576,147,-99833.59375,-80408.1015625,-58772.4804688,119914.625,-75116.3203125,8358.00976562,-50086.6835938,105364.671875
1582.32756502,148,-100080.117188,-80359.6640625,-58619.8203125,122081.320312,-74935.3203125,8585.93066406,-49771.1640625,107505.03125
1582.32967007,149,-99737.1484375,-80234.09375,-58752.3632812,119231.046875,-75058.34375,8521.51269531,-49872.5078125,104564.429688
1582.33181694,150,-99301.875,-80163.171875,-58905.0703125,115473.875,-75285.4375,8236.52832031,-50276.984375,100782.359375
1582.3339138,151,-99343.6015625,-80240.2109375,-58879.3007812,115545.015625,-75364.15625,8017.14599609,-50547.1289062,100920.851562
1582.33600885,152,-99840.5234375,-80326.8515625,-58627.21875,119550.40625,-75154.96875,8147.3671875,-50337.7617188,104996.09375
1582.33802582,153,-100096.523438,-80292.984375,-58490.8046875,121716.179688,-74989.453125,8360.73730469,-50029.328125,107136.445312
1582.34023815,154,-99767.0078125,-80187.796875,-58642.2382812,118899.96875,-75134.140625,8276.38183594,-50142.203125,104233.070312
1582.34243356,155,-99350.328125,-80140.8828125,-58811.7304688,115211.914062,-75379.6484375,7977.51660156,-50555.6445312,100520.0
1582.34452543,156,-99388.8671875,-80207.46875,-58763.7421875,115315.039062,-75431.6875,7793.33789062,-50788.5039062,100686.804688
1582.34665485,157,-99891.109375,-80297.3203125,-58509.1328125,119352.054688,-75219.40625,7937.90917969,-50558.7070312,104801.226562
1582.37768104,158,-100136.640625,-80251.1640625,-58357.4335938,121453.765625,-75035.609375,8178.90576172,-50223.0742188,106881.484375
1582.37987463,159,-99803.15625,-80143.9453125,-58506.0703125,118594.023438,-75177.0546875,8100.00390625,-50330.5859375,103943.234375
1582.38211472,160,-99396.796875,-80109.296875,-58684.2148438,114952.875,-75430.5625,7791.43798828,-50748.4492188,100269.054688
1582.38430591,161,-99455.3359375,-80198.0390625,-58653.0117188,115142.554688,-75502.09375,7592.97705078,-50991.8164062,100525.695312
1582.38646929,162,-99969.09375,-80306.1328125,-58414.0703125,119219.039062,-75306.0703125,7726.84179688,-50768.1210938,104677.890625
1582.38861876,163,-100211.226562,-80267.59375,-58268.3164062,121282.3125,-75129.375,7964.95458984,-50436.7578125,106715.09375
1582.39081594,164,-99868.15625,-80156.0859375,-58409.734375,118365.359375,-75262.2578125,7899.73242188,-50534.9257812,103712.296875
1582.3928514,165,-99459.4765625,-80113.390625,-58576.6132812,114695.921875,-75505.8671875,7608.13134766,-50935.9140625,100024.976562
1582.39502249,166,-99527.0,-80205.90625,-58547.3554688,114914.117188,-75576.8125,7410.921875,-51173.9179688,100315.765625
1582.39715826,167,-100042.320312,-80314.5546875,-58310.984375,118989.710938,-75378.953125,7547.55810547,-50947.0234375,104467.46875
1582.39925867,168,-100269.546875,-80260.3984375,-58158.4335938,120986.101562,-75186.75,7803.61962891,-50598.359375,106436.34375
1582.40146887,169,-99920.2109375,-80143.875,-58303.6328125,118032.703125,-75322.1640625,7737.95019531,-50697.9804688,103397.09375
1582.40359694,170,-99524.4296875,-80119.109375,-58488.6132812,114428.28125,-75582.6015625,7428.24462891,-51117.8125,99773.7578125
1582.40565094,171,-99583.28125,-80191.421875,-58435.6835938,114667.242188,-75623.53125,7261.76904297,-51326.421875,100086.484375
1582.40777989,172,-100099.625,-80294.3046875,-58197.953125,118742.859375,-75422.6953125,7404.12695312,-51092.46875,104232.039062
1582.43750296,173,-100334.96875,-80254.96875,-58062.2773438,120712.789062,-75252.21875,7638.32861328,-50763.5390625,106173.671875
1582.43960004,174,-99991.21875,-80152.375,-58219.96875,117753.367188,-75401.953125,7557.52734375,-50875.7226562,103132.578125
1582.44188347,175,-99595.3984375,-80128.1171875,-58402.7851562,114161.085938,-75660.4765625,7251.79980469,-51289.3632812,99524.09375
1582.44402976,176,-99679.859375,-80241.21875,-58388.7929688,114493.257812,-75744.7890625,7044.50976562,-51530.8945312,99926.2265625
1582.4461696,177,-100189.929688,-80340.015625,-58141.0664062,118588.789062,-75528.7578125,7205.82226562,-51277.4960938,104088.835938
1582.44829516,178,-100415.257812,-80298.796875,-58007.6054688,120528.296875,-75357.546875,7443.19775391,-50946.4648438,105993.40625
1582.45042224,179,-100060.0,-80187.015625,-58154.5898438,117504.328125,-75497.4453125,7371.69482422,-51051.609375,102888.09375
1582.45254864,180,-99671.703125,-80165.3828125,-58334.9453125,113962.492188,-75751.4453125,7071.53320312,-51458.5664062,99329.9921875
1582.45462368,181,-99758.921875,-80266.8359375,-58306.9609375,114344.59375,-75815.640625,6892.25,-51675.0195312,99784.6015625
1582.45672128,182,-100282.53125,-80382.328125,-58080.6289062,118486.4375,-75619.015625,7040.17382812,-51432.7265625,103995.695312
1582.45878091,183,-100506.828125,-80350.5,-57962.8359375,120372.617188,-75459.8046875,7272.25195312,-51108.515625,105851.695312
1582.46096616,184,-100141.265625,-80231.9453125,-58107.3164062,117302.203125,-75590.2890625,7215.20996094,-51204.9414062,102696.789062
1582.46306829,185,-99752.8203125,-80208.1171875,-58285.2578125,113781.265625,-75840.0703125,6921.57519531,-51607.0273438,99155.625
1582.46516948,186,-99850.203125,-80316.765625,-58263.6679688,114226.890625,-75905.765625,6740.95068359,-51822.4960938,99671.59375
1582.46743963,187,-100369.65625,-80427.1171875,-58034.5625,118359.703125,-75699.859375,6898.28466797,-51568.1328125,103879.109375
1582.49733681,188,-100584.929688,-80391.7109375,-57915.4023438,120183.898438,-75537.765625,7133.31347656,-51241.3085938,105666.148438
1582.49955071,189,-100220.6875,-80284.203125,-58073.7226562,117083.601562,-75682.15625,7065.34179688,-51350.4296875,102485.523438
1582.50184018,190,-99837.5078125,-80274.65625,-58263.9335938,113578.578125,-75943.5859375,6760.95556641,-51762.1679688,98970.1484375
1582.50398554,191,-99941.5546875,-80392.359375,-58244.5117188,114068.398438,-76013.0078125,6578.92285156,-51974.734375,99531.8515625
1582.50601714,192,-100461.054688,-80501.484375,-58010.9804688,118208.007812,-75802.65625,6745.10839844,-51711.7226562,103739.539062
1582.50815287,193,-100659.828125,-80448.890625,-57879.7734375,119971.21875,-75624.578125,6997.99609375,-51367.4140625,105470.53125
1582.51040749,194,-100297.554688,-80348.84375,-58048.4648438,116868.640625,-75780.90625,6913.48388672,-51487.625,102281.023438
1582.51257863,195,-99911.3359375,-80330.0703125,-58225.78125,113373.992188,-76029.3671875,6620.60888672,-51887.3164062,98757.671875
1582.5146842,196,-100012.117188,-80433.3984375,-58190.4882812,113889.382812,-76080.8671875,6455.22851562,-52084.90625,99323.1953125
1582.51683258,197,-100522.140625,-80523.2578125,-57940.640625,118007.3125,-75852.5,6640.77050781,-51803.8554688,103502.164062
1582.51912882,198,-100726.976562,-80480.7890625,-57828.0976562,119752.664062,-75698.203125,6870.52392578,-51484.3359375,105208.007812
1582.52145417,199,-100362.148438,-80379.890625,-57998.6640625,116611.53125,-75859.671875,6782.48046875,-51612.1445312,101985.289062
1582.52353693,200,-99973.140625,-80354.9921875,-58171.21875,113106.890625,-76103.9140625,6493.49462891,-52008.9101562,98464.0390625
1582.52566051,201,-100078.59375,-80459.6171875,-58136.8632812,113668.609375,-76160.375,6322.43701172,-52207.015625,99105.2890625
1582.52779467,202,-100589.601562,-80547.796875,-57886.703125,117798.453125,-75935.265625,6506.74951172,-51921.984375,103306.25
1582.55688254,203,-100785.984375,-80502.8671875,-57772.4648438,119479.015625,-75783.96875,6733.39599609,-51603.3398438,104958.070312
1582.5590693,204,-100419.015625,-80410.4921875,-57952.9101562,116305.132812,-75959.140625,6627.87353516,-51748.5585938,101709.53125
1582.56133507,205,-100046.226562,-80409.7109375,-58145.9609375,112862.296875,-76228.703125,6312.87011719,-52168.7929688,98251.8125
1582.5634173,206,-100155.734375,-80506.6484375,-58095.4453125,113465.59375,-76272.1328125,6155.17871094,-52352.6367188,98929.3125
1582.56549006,207,-100672.859375,-80598.0234375,-57846.3828125,117609.382812,-76048.7734375,6336.16064453,-52069.1953125,103144.5625
1582.56772567,208,-100851.515625,-80533.2890625,-57716.0273438,119211.085938,-75875.8359375,6584.91308594,-51730.40625,104709.140625
1582.56986666,209,-100477.257812,-80427.96875,-57887.7539062,116013.492188,-76043.0703125,6488.26416016,-51868.2070312,101430.40625
1582.57211347,210,-100104.5,-80411.8984375,-58062.390625,112607.664062,-76297.078125,6185.53222656,-52276.3046875,98019.90625
1582.57422216,211,-100214.757812,-80502.7109375,-58002.7304688,113243.015625,-76327.671875,6036.17822266,-52454.203125,98725.4453125
1582.57628116,212,-100733.789062,-80595.7421875,-57757.3320312,117392.210938,-76107.0390625,6212.01904297,-52177.375,102946.8125
1582.57838012,213,-100928.09375,-80556.4453125,-57656.1914062,119002.320312,-75967.8828125,6427.17724609,-51870.5742188,104519.882812
1582.58055886,214,-100564.34375,-80465.09375,-57839.1171875,115810.890625,-76148.59375,6316.11132812,-52020.7109375,101253.734375
1582.58268666,215,-100200.609375,-80457.71875,-58017.8203125,112448.515625,-76404.65625,6011.45703125,-52429.5703125,97874.109375
1582.58484072,216,-100317.046875,-80548.625,-57957.3789062,113135.117188,-76432.84375,5868.36132812,-52600.671875,98630.671875
1582.587098,217,-100836.367188,-80641.9453125,-57710.5507812,117314.0,-76207.828125,6054.21582031,-52315.6210938,102881.007812
1582.61657706,218,-101024.296875,-80601.9765625,-57609.140625,118907.59375,-76063.2578125,6280.14746094,-52000.9765625,104441.632812
1582.6189132,219,-100654.351562,-80507.1640625,-57786.2773438,115702.148438,-76233.640625,6181.21826172,-52141.5234375,101155.476562
1582.62123434,220,-100288.164062,-80489.34375,-57950.5859375,112364.632812,-76473.4296875,5894.51269531,-52533.0351562,97805.0390625
1582.62336219,221,-100418.367188,-80591.828125,-57895.1328125,113117.75,-76504.703125,5748.80175781,-52701.3242188,98632.5
1582.62547167,222,-100946.265625,-80693.75,-57653.6875,117330.835938,-76280.4453125,5938.50097656,-52409.2304688,102914.695312
1582.62753348,223,-101129.507812,-80649.9921875,-57549.9960938,118894.9375,-76129.6875,6174.95996094,-52085.5117188,104441.429688
1582.62965431,224,-100757.882812,-80556.359375,-57732.453125,115679.734375,-76303.1328125,6077.26074219,-52227.421875,101141.195312
1582.63180722,225,-100403.03125,-80558.28125,-57916.9453125,112380.90625,-76560.0703125,5775.9140625,-52630.2890625,97831.796875
1582.63395231,226,-100542.726562,-80668.921875,-57868.1757812,113212.390625,-76595.453125,5635.23242188,-52792.0703125,98735.1875
1582.63608199,227,-101066.789062,-80765.390625,-57623.734375,117435.078125,-76366.390625,5836.53222656,-52486.2304688,103023.210938
1582.6381535,228,-101245.359375,-80720.171875,-57527.0664062,118966.0,-76216.5234375,6076.52294922,-52158.4882812,104516.710938
1582.64030099,229,-100864.28125,-80618.140625,-57705.4765625,115702.929688,-76378.8359375,5993.70947266,-52286.609375,101166.921875
1582.64243525,230,-100500.171875,-80604.953125,-57875.2382812,112376.945312,-76615.2109375,5716.34667969,-52670.5898438,97832.6953125
1582.64452379,231,-100642.4375,-80715.546875,-57823.3164062,113228.21875,-76640.578125,5584.60546875,-52826.984375,98758.921875
1582.64671065,232,-101167.773438,-80816.6640625,-57581.46875,117453.8125,-76407.4921875,5791.06884766,-52519.46875,103055.109375
1582.67756528,233,-101347.4375,-80783.046875,-57497.046875,118976.617188,-76267.7734375,6022.83398438,-52198.2304688,104542.414062
1582.67978131,234,-100966.382812,-80686.9609375,-57682.1171875,115701.101562,-76435.296875,5937.58447266,-52324.8515625,101183.039062
1582.6820825,235,-100614.429688,-80688.7265625,-57867.4140625,112416.335938,-76684.6796875,5647.70458984,-52716.4101562,97889.265625
1582.68428609,236,-100759.921875,-80794.09375,-57811.0898438,113309.953125,-76697.6875,5530.89453125,-52853.71875,98858.7734375
1582.68643957,237,-101284.984375,-80888.75,-57572.9296875,117544.046875,-76460.53125,5747.97460938,-52532.65625,103162.304688
1582.68854753,238,-101449.78125,-80837.40625,-57478.7617188,118988.6875,-76307.4453125,5995.609375,-52198.6757812,104565.953125
1582.69072482,239,-101061.851562,-80735.484375,-57660.5039062,115680.695312,-76470.328125,5912.61767578,-52327.4453125,101176.554688
1582.69279622,240,-100708.984375,-80735.484375,-57840.6132812,112433.585938,-76711.1640625,5631.85742188,-52713.3710938,97919.375
1582.69492902,241,-100860.59375,-80846.015625,-57786.1210938,113409.445312,-76726.8984375,5515.13671875,-52848.53125,98975.0
1582.69714006,242,-101402.578125,-80965.8203125,-57575.4570312,117718.789062,-76517.84375,5706.95898438,-52549.265625,103355.359375
1582.69924479,243,-101569.140625,-80925.25,-57495.5273438,119152.257812,-76373.4296875,5950.83886719,-52220.8945312,104749.617188
1582.70142327,244,-101175.304688,-80817.8984375,-57669.4882812,115833.804688,-76522.046875,5886.06347656,-52334.8203125,101347.5
1582.70355769,245,-100829.125,-80817.3359375,-57846.4257812,112665.445312,-76753.453125,5619.72021484,-52703.7578125,98173.9140625
1582.70557471,246,-100987.773438,-80926.078125,-57784.78125,113736.359375,-76750.6796875,5528.68164062,-52811.046875,99325.6328125
1582.70773523,247,-101521.085938,-81028.0,-57552.9023438,118069.15625,-76508.28125,5759.97753906,-52470.8320312,103726.601562
1582.73723783,248,-101678.890625,-80984.953125,-57476.3945312,119480.0,-76358.6328125,6015.14501953,-52131.6679688,105093.96875
1582.73944485,249,-101289.8125,-80893.84375,-57672.1289062,116207.140625,-76521.265625,5943.5078125,-52251.9179688,101737.140625
1582.74168406,250,-100947.359375,-80895.5234375,-57845.9140625,113124.570312,-76740.203125,5697.28076172,-52600.2929688,98650.1171875
1582.74368254,1,-101112.34375,-81005.3359375,-57782.7695312,114288.0,-76729.1796875,5625.77783203,-52686.5273438,99893.4296875
1582.74555952,2,-101642.679688,-81098.296875,-57545.4375,118650.726562,-76472.7421875,5884.36474609,-52321.7226562,104322.539062
1582.74744868,3,-101799.296875,-81059.5625,-57482.5859375,120059.0625,-76329.484375,6144.18164062,-51977.5273438,105687.5
1582.74927747,4,-101413.421875,-80976.9296875,-57690.7929688,116814.265625,-76498.9609375,6075.65136719,-52093.8476562,102360.710938
1582.75114304,5,-101072.148438,-80976.484375,-57865.46875,113795.414062,-76711.0546875,5846.3671875,-52424.609375,99336.203125
1582.75302501,6,-101239.570312,-81088.171875,-57810.3945312,115030.640625,-76697.9765625,5785.12304688,-52496.6015625,100652.609375
1582.75483386,7,-101756.851562,-81169.9609375,-57566.671875,119406.4375,-76424.7734375,6068.54345703,-52101.0664062,105091.398438
1582.75667666,8,-101888.976562,-81111.6171875,-57495.2578125,120762.070312,-76263.8359375,6354.44433594,-51731.0117188,106403.445312
1582.75848265,9,-101487.695312,-81019.4375,-57704.203125,117480.296875,-76428.03125,6295.7265625,-51839.4179688,103038.054688
1582.76041311,10,-101135.476562,-81010.75,-57871.328125,114484.40625,-76626.96875,6083.27294922,-52151.515625,100040.90625
1582.76225576,11,-101295.46875,-81113.875,-57812.25,115756.484375,-76603.984375,6038.68115234,-52206.7890625,101395.78125
1582.76407523,12,-101810.539062,-81200.9375,-57587.234375,120138.148438,-76341.84375,6321.20751953,-51812.59375,105842.59375
1582.79702423,13,-101917.3125,-81122.953125,-57507.3710938,121405.195312,-76166.9453125,6626.80029297,-51424.6132812,107059.648438
1582.79895766,14,-101490.375,-81010.2578125,-57705.6992188,118054.46875,-76315.828125,6584.68994141,-51517.9101562,103631.921875
1582.80096817,15,-101114.6875,-80975.765625,-57858.1835938,115024.984375,-76493.6171875,6392.82226562,-51810.40625,100598.164062
1582.80281087,16,-101261.15625,-81058.8046875,-57787.3945312,116307.257812,-76453.9609375,6365.46386719,-51845.5429688,101960.429688
1582.8046455,17,-101755.554688,-81124.0234375,-57547.984375,120642.9375,-76178.390625,6661.55761719,-51437.4882812,106359.367188
1582.80648242,18,-101846.078125,-81040.65625,-57476.28125,121827.601562,-76012.359375,6956.55566406,-51061.3085938,107498.125
1582.80827601,19,-101398.578125,-80905.875,-57661.9570312,118389.703125,-76150.3828125,6924.16796875,-51147.4960938,103982.570312
1582.81018236,20,-101026.421875,-80877.90625,-57826.3320312,115373.757812,-76349.828125,6708.22802734,-51467.328125,100965.625
1582.8120249,21,-101175.570312,-80971.984375,-57766.9453125,116684.554688,-76330.9609375,6656.66259766,-51529.8007812,102355.921875
1582.81388167,22,-101651.398438,-81022.1015625,-57516.4257812,120975.773438,-76044.7890625,6959.30517578,-51118.9765625,106707.695312
1582.81566791,23,-101731.84375,-80937.3671875,-57450.4414062,122118.734375,-75887.59375,7241.20507812,-50756.2304688,107803.601562
1582.81746124,24,-101277.1875,-80806.1171875,-57638.1757812,118657.429688,-76030.890625,7196.54638672,-50853.5039062,104263.6875
1582.81954571,25,-100889.359375,-80761.5234375,-57781.7617188,115613.929688,-76207.828125,6993.92773438,-51159.03125,101218.492188
1582.82153107,26,-101028.03125,-80840.4296875,-57705.4101562,116923.226562,-76168.8203125,6952.21972656,-51212.2265625,102603.671875
1582.82341705,27,-101505.351562,-80895.65625,-57461.0585938,121204.125,-75887.1640625,7242.94873047,-50814.1875,106945.476562
1582.85793313,28,-101578.578125,-80805.2890625,-57389.7578125,122275.976562,-75725.1640625,7524.73730469,-50456.2226562,107974.4375
1582.85980619,29,-101123.117188,-80677.1015625,-57585.4921875,118802.945312,-75879.3203125,7464.54394531,-50574.1523438,104416.820312
1582.8617441,30,-100747.625,-80651.421875,-57748.546875,115798.554688,-76078.0703125,7234.38818359,-50908.46875,101411.5
1582.86363576,31,-100896.9375,-80744.3828125,-57680.84375,117145.25,-76048.546875,7180.63183594,-50974.9414062,102834.34375
1582.86543518,32,-101354.34375,-80767.4453125,-57402.6992188,121365.320312,-75733.7890625,7502.43017578,-50550.5703125,107109.46875
1582.86726351,33,-101413.109375,-80664.6328125,-57324.4921875,122371.6875,-75570.109375,7779.77050781,-50200.4296875,108069.859375
1582.86914585,34,-100963.1875,-80548.4921875,-57532.296875,118875.71875,-75743.7109375,7691.32470703,-50345.984375,104496.015625
1582.87128037,35,-100588.125,-80519.6328125,-57690.4335938,115876.453125,-75939.71875,7457.36914062,-50683.5429688,101496.679688
1582.87312458,36,-100731.984375,-80596.9296875,-57607.6875,117236.601562,-75894.4765625,7414.9453125,-50738.0585938,102940.085938
1582.87502468,37,-101216.367188,-80667.46875,-57383.34375,121516.109375,-75640.1171875,7676.39355469,-50371.8242188,107281.914062
1582.87682801,38,-101274.953125,-80579.3125,-57318.0742188,122474.507812,-75489.890625,7937.97607422,-50039.5429688,108186.421875
1582.87867503,39,-100801.046875,-80440.8671875,-57497.0703125,118918.257812,-75631.6875,7878.38623047,-50163.640625,104553.75
1582.88057581,40,-100423.882812,-80408.8125,-57642.734375,115947.53125,-75817.5,7651.15869141,-50497.5742188,101583.671875
1582.88242132,41,-100584.414062,-80503.1796875,-57570.5390625,117380.320312,-75787.4375,7589.60205078,-50569.1679688,103097.421875
1582.8842985,42,-101063.65625,-80571.1796875,-57343.0859375,121635.890625,-75528.3984375,7849.77636719,-50203.8046875,107408.46875
1582.91762135,43,-101110.398438,-80480.8984375,-57284.546875,122505.484375,-75386.4921875,8100.20507812,-49883.8203125,108227.617188
1582.91968759,44,-100626.59375,-80332.7734375,-57459.6953125,118859.554688,-75531.7265625,8031.56298828,-50016.5195312,104500.867188
1582.92164592,45,-100238.585938,-80282.0546875,-57588.6210938,115835.75,-75709.6484375,7803.30712891,-50352.3554688,101482.0625
1582.92350852,46,-100387.492188,-80358.8125,-57499.2382812,117219.296875,-75671.6328125,7736.69873047,-50427.1015625,102952.757812
1582.92533148,47,-100851.984375,-80407.5625,-57256.09375,121385.726562,-75409.84375,7988.98291016,-50066.8125,107177.820312
1582.92723392,48,-100890.367188,-80309.796875,-57196.4140625,122160.304688,-75283.625,8212.34375,-49773.46875,107904.054688
1582.92902542,49,-100407.65625,-80164.5078125,-57376.0546875,118466.367188,-75447.1953125,8108.07275391,-49940.8398438,104133.242188
1582.93093891,50,-100023.476562,-80118.1484375,-57505.3828125,115437.507812,-75636.25,7853.06201172,-50302.4453125,101106.242188
1582.93276562,51,-100182.578125,-80206.1484375,-57421.9882812,116851.101562,-75613.625,7763.96777344,-50399.4726562,102602.375
1582.93459561,52,-100648.046875,-80256.734375,-57178.4453125,120988.179688,-75359.21875,8000.42675781,-50057.4023438,106796.765625
1582.93640357,53,-100667.921875,-80131.359375,-57085.9960938,121637.921875,-75209.890625,8234.49414062,-49760.3710938,107392.109375
1582.93819284,54,-100189.726562,-79993.8125,-57270.421875,117884.734375,-75399.2734375,8094.93017578,-49971.7265625,103561.664062
1582.94011887,55,-99820.0078125,-79961.9765625,-57403.0117188,114880.453125,-75606.1171875,7814.23681641,-50361.09375,100565.882812
1582.94192949,56,-99985.1171875,-80044.4140625,-57301.8710938,116313.179688,-75573.7265625,7725.8359375,-50455.84375,102087.4375
1582.94379813,57,-100455.828125,-80096.7421875,-57055.9804688,120411.796875,-75326.7890625,7943.65332031,-50130.625,106242.710938
1582.97734942,58,-100480.992188,-79988.4921875,-56982.21875,120989.523438,-75203.140625,8136.57128906,-49877.2265625,106759.757812
1582.97922238,59,-99993.90625,-79838.265625,-57147.421875,117147.257812,-75373.234375,7997.96826172,-50088.0,102835.859375
1582.98115945,60,-99640.96875,-79818.8828125,-57286.7617188,114153.507812,-75596.125,7687.12255859,-50506.6953125,99847.8359375
1582.98301268,61,-99836.6171875,-79929.953125,-57205.578125,115656.328125,-75593.2421875,7560.72363281,-50638.703125,101433.695312
1582.98490616,62,-100318.320312,-79992.0625,-56964.9648438,119744.890625,-75356.421875,7762.26904297,-50331.2539062,105575.539062
1582.98680105,63,-100336.734375,-79874.4296875,-56879.734375,120233.117188,-75228.015625,7954.20361328,-50080.8046875,106008.804688
1582.98859563,64,-99863.7734375,-79741.90625,-57059.6914062,116363.875,-75424.796875,7779.01074219,-50329.2890625,102059.765625
1582.99046265,65,-99528.6953125,-79737.75,-57204.328125,113378.507812,-75660.2265625,7445.09765625,-50770.8046875,99081.4375
1582.99232056,66,-99735.140625,-79847.4296875,-57110.0039062,114887.609375,-75651.2421875,7317.15625,-50904.7773438,100671.898438
1582.99409253,67,-100222.71875,-79905.4765625,-56855.2382812,118947.3125,-75410.6484375,7513.67285156,-50603.9921875,104782.09375
1582.9959255,68,-100257.429688,-79809.25,-56783.8710938,119407.242188,-75310.875,7665.68701172,-50391.984375,105185.1875
1582.99771747,69,-99804.984375,-79699.484375,-56975.1992188,115540.546875,-75531.171875,7460.38623047,-50667.671875,101241.625
1582.99957382,70,-99491.1875,-79711.1015625,-57120.1523438,112599.796875,-75775.6328125,7111.43115234,-51122.953125,98305.6796875
1583.00143605,71,-99712.6328125,-79827.265625,-57020.5976562,114151.679688,-75767.25,6977.65576172,-51259.7695312,99944.90625
1583.00334599,72,-100220.507812,-79903.890625,-56780.6289062,118235.210938,-75545.0703125,7155.06152344,-50975.34375,104080.828125
1583.03712222,73,-100254.75,-79800.4453125,-56697.6796875,118630.585938,-75437.15625,7316.30712891,-50759.4257812,104417.25
1583.0390006,74,-99807.21875,-79691.2109375,-56883.2226562,114749.632812,-75655.3125,7106.46875,-51042.8007812,100459.421875
1583.04091148,75,-99503.015625,-79701.78125,-57016.59375,111827.226562,-75889.828125,6758.58642578,-51493.703125,97540.1484375
1583.04276465,76,-99751.765625,-79838.6171875,-56927.078125,113451.109375,-75896.109375,6606.68408203,-51645.4257812,99246.84375
1583.04458553,77,-100267.710938,-79915.46875,-56682.7265625,117515.5,-75671.359375,6785.96728516,-51359.28125,103360.96875
1583.04640198,78,-100321.242188,-79840.2734375,-56633.4414062,117884.242188,-75601.5546875,6905.10205078,-51180.6445312,103673.0
1583.04821432,79,-99884.6484375,-79744.2734375,-56830.40625,113978.117188,-75837.9453125,6676.13085938,-51483.265625,99694.03125
1583.05005634,80,-99595.1015625,-79766.046875,-56970.1484375,111093.359375,-76084.1796875,6317.89941406,-51944.984375,96819.78125
1583.05192056,81,-99858.96875,-79910.171875,-56885.1015625,112765.867188,-76092.8046875,6162.3984375,-52101.2890625,98583.328125
1583.05378878,82,-100387.140625,-80004.1796875,-56658.6992188,116832.59375,-75886.765625,6322.36962891,-51850.0585938,102702.820312
1583.05562164,83,-100444.203125,-79942.2890625,-56621.8203125,117159.53125,-75830.7734375,6426.66308594,-51708.9492188,102968.515625
1583.05747106,84,-100020.28125,-79866.0703125,-56837.109375,113245.851562,-76088.359375,6176.01074219,-52057.234375,98979.203125
1583.0593185,85,-99748.703125,-79901.5859375,-56985.7929688,110390.257812,-76347.7890625,5807.31835938,-52555.3007812,96128.796875
1583.06119823,86,-100024.640625,-80049.78125,-56897.5273438,112081.328125,-76358.609375,5650.25292969,-52734.9179688,97902.2734375
1583.0630351,87,-100546.484375,-80127.671875,-56649.7578125,116104.976562,-76137.1484375,5826.27294922,-52471.6367188,101977.148438
1583.09842565,88,-100597.671875,-80050.5625,-56600.8085938,116352.8125,-76079.234375,5935.14794922,-52325.0976562,102169.21875
1583.10068465,89,-100186.375,-79980.3046875,-56822.8515625,112423.664062,-76356.84375,5663.26171875,-52689.0742188,98163.5625
1583.10309475,90,-99920.1640625,-80013.4140625,-56961.4296875,109559.421875,-76614.2265625,5289.74169922,-53182.0859375,95305.625
1583.10512547,91,-100209.445312,-80170.0078125,-56879.0429688,111278.492188,-76636.78125,5117.38720703,-53354.3945312,97109.5703125
1583.10724708,92,-100744.25,-80260.4453125,-56642.3828125,115305.851562,-76429.0859375,5277.44824219,-53081.5703125,101184.71875
1583.10911853,93,-100788.757812,-80176.6484375,-56580.5117188,115501.367188,-76360.21875,5396.80615234,-52900.7695312,101318.515625
1583.11100425,94,-100357.367188,-80076.0,-56760.0664062,111509.273438,-76595.2734375,5163.34228516,-53205.0625,97253.421875
1583.11286122,95,-100105.304688,-80125.7734375,-56911.09375,108714.1875,-76869.328125,4772.09765625,-53695.6171875,94468.484375
1583.11466205,96,-100399.71875,-80280.78125,-56817.484375,110480.601562,-76879.40625,4613.69042969,-53852.640625,96320.9296875
1583.11647954,97,-100945.484375,-80382.0625,-56591.9804688,114539.476562,-76682.78125,4764.74365234,-53592.6445312,100428.867188
1583.11826636,98,-101009.296875,-80326.7578125,-56559.7695312,114743.4375,-76644.0234375,4852.07177734,-53447.7578125,100570.195312
1583.12035781,99,-100604.351562,-80263.484375,-56774.8632812,110798.515625,-76913.15625,4583.02392578,-53792.9375,96549.7890625
1583.12222812,100,-100370.375,-80323.1640625,-56920.5507812,108079.359375,-77173.9140625,4203.46923828,-54277.5664062,93842.546875
1583.12412295,101,-100686.25,-80489.2109375,-56823.96875,109968.234375,-77167.9453125,4054.83007812,-54425.1796875,95819.2890625
1583.12593508,102,-101237.351562,-80589.59375,-56588.5585938,114067.859375,-76944.40625,4229.19580078,-54147.703125,99968.0390625
1583.15665044,103,-101309.820312,-80549.296875,-56573.8085938,114303.15625,-76907.34375,4311.76318359,-54013.3945312,100140.796875
1583.15863715,104,-100906.992188,-80479.7578125,-56778.3046875,110391.710938,-77144.1875,4068.48681641,-54342.7226562,96152.1953125
1583.16069689,105,-100682.46875,-80536.3984375,-56917.9804688,107753.828125,-77375.5234375,3711.57421875,-54809.0039062,93529.3125
1583.16256308,106,-101012.585938,-80707.4140625,-56823.921875,109738.882812,-77359.7421875,3585.64453125,-54926.8867188,95601.2734375
1583.16437318,107,-101575.0625,-80814.3203125,-56596.4257812,113888.351562,-77141.7734375,3777.31079102,-54615.8632812,99796.2734375
1583.16621416,108,-101646.476562,-80770.1484375,-56576.1757812,114107.625,-77100.265625,3885.18017578,-54446.3671875,99953.828125
1583.16802061,109,-101254.835938,-80710.4921875,-56786.5742188,110244.1875,-77351.9921875,3650.88916016,-54763.2695312,96015.6484375
1583.16983461,110,-101051.5,-80787.2265625,-56942.6328125,107690.882812,-77610.375,3295.89892578,-55228.1875,93475.6875
1583.17171138,111,-101393.328125,-80968.75,-56854.7695312,109753.164062,-77605.234375,3183.71533203,-55341.1328125,95624.6328125
1583.17354382,112,-101968.257812,-81099.2578125,-56657.0664062,113961.84375,-77417.9453125,3366.3737793,-55053.1523438,99876.671875
1583.17554027,113,-102036.476562,-81056.546875,-56648.2382812,114142.15625,-77383.390625,3490.00146484,-54902.0546875,99989.140625
1583.17745125,114,-101643.820312,-81001.203125,-56873.2773438,110270.226562,-77642.625,3265.90283203,-55238.984375,96043.5
1583.1792512,115,-101432.0625,-81068.0546875,-57021.1757812,107737.351562,-77882.84375,2945.57983398,-55692.4335938,93527.140625
1583.18126322,116,-101784.96875,-81262.9609375,-56953.453125,109872.367188,-77887.9609375,2835.52001953,-55822.609375,95749.640625
1583.18306904,117,-102353.46875,-81390.1484375,-56759.7304688,114057.398438,-77688.875,3038.80908203,-55536.1289062,99974.234375
1583.21760491,118,-102395.398438,-81325.7734375,-56737.1523438,114149.484375,-77629.109375,3192.56665039,-55358.8789062,99997.65625
1583.21957923,119,-101985.132812,-81254.5390625,-56950.7265625,110230.84375,-77868.3125,2989.99291992,-55665.9921875,96007.0234375
1583.22154063,120,-101783.5625,-81335.0234375,-57118.5625,107772.53125,-78120.9375,2662.53979492,-56113.7421875,93560.6953125
1583.22341536,121,-102137.125,-81528.03125,-57054.6601562,109958.242188,-78119.171875,2571.76928711,-56211.5078125,95830.4453125
1583.22531624,122,-102689.96875,-81638.984375,-56853.8320312,114107.757812,-77903.5859375,2802.05932617,-55886.8046875,100018.710938
1583.22715279,123,-102725.578125,-81582.2578125,-56855.9101562,114141.195312,-77861.8515625,2944.12719727,-55711.8789062,99980.6484375
1583.22895185,124,-102314.59375,-81523.6328125,-57089.3046875,110201.117188,-78118.3203125,2731.2043457,-56021.921875,95970.0546875
1583.23086164,125,-102103.976562,-81593.8359375,-57246.9960938,107746.15625,-78356.6328125,2423.01855469,-56440.6367188,93535.4765625
1583.23269908,126,-102446.625,-81773.234375,-57169.8164062,109958.023438,-78341.0546875,2353.32568359,-56504.8984375,95838.6484375
1583.23453068,127,-102990.960938,-81886.0390625,-56979.78125,114085.3125,-78136.2890625,2579.52539062,-56172.7929688,100011.945312
1583.23635521,128,-103013.671875,-81830.6953125,-56990.6679688,114050.132812,-78103.765625,2718.0390625,-55992.6835938,99910.421875
1583.23815067,129,-102583.890625,-81759.28125,-57216.5976562,110064.125,-78352.453125,2516.69458008,-56280.796875,95854.609375
1583.23998869,130,-102367.460938,-81831.7734375,-57379.4296875,107613.078125,-78597.140625,2206.9440918,-56690.4375,93419.1796875
1583.24187337,131,-102708.726562,-82014.9453125,-57308.5546875,109814.140625,-78582.359375,2135.86572266,-56748.6210938,95700.3125
1583.24372122,132,-103247.109375,-82132.3984375,-57133.3164062,113920.875,-78390.875,2351.49291992,-56424.0742188,99834.2421875
1583.27723803,133,-103253.882812,-82067.46875,-57143.5976562,113803.679688,-78355.515625,2493.76171875,-56239.6484375,99634.265625
1583.27915323,134,-102822.945312,-81997.890625,-57379.1835938,109788.75,-78615.1953125,2282.62719727,-56532.9921875,95543.2265625
1583.28111046,135,-102607.601562,-82068.921875,-57546.6445312,107371.65625,-78857.515625,1970.95446777,-56920.3046875,93144.65625
1583.28294754,136,-102950.210938,-82254.015625,-57483.4101562,109638.484375,-78837.6015625,1900.41235352,-56944.3984375,95501.4921875
1583.28478373,137,-103466.757812,-82340.8515625,-57278.1796875,113681.0625,-78606.390625,2152.38354492,-56550.1835938,99587.6640625
1583.28669362,138,-103452.078125,-82255.7421875,-57274.4882812,113487.382812,-78557.53125,2308.42114258,-56319.109375,99329.3203125
1583.28851565,139,-103009.421875,-82172.9921875,-57492.4648438,109446.679688,-78799.0390625,2111.18920898,-56568.265625,95227.3515625
1583.2904145,140,-102791.46875,-82233.8359375,-57641.7734375,107063.046875,-79029.1953125,1811.31835938,-56933.3789062,92869.640625
1583.29225985,141,-103141.390625,-82417.2265625,-57571.96875,109399.96875,-79015.8515625,1740.50793457,-56951.5976562,95299.609375
1583.29406396,142,-103655.25,-82502.296875,-57364.8359375,113443.773438,-78791.5078125,1992.36743164,-56555.9726562,99380.28125
1583.29589479,143,-103636.140625,-82421.4765625,-57369.8203125,113206.351562,-78754.0234375,2134.72558594,-56341.5273438,99071.5625
1583.29768692,144,-103188.976562,-82333.2734375,-57587.6171875,109180.132812,-78992.765625,1935.90698242,-56598.5078125,94974.640625
1583.29954675,145,-102981.171875,-82404.625,-57749.734375,106872.96875,-79233.40625,1623.02722168,-56981.9492188,92687.25
1583.3014893,146,-103336.476562,-82591.4140625,-57681.9179688,109258.164062,-79216.5078125,1553.69213867,-57008.078125,95158.21875
1583.30332346,147,-103849.601562,-82673.875,-57479.4335938,113301.796875,-78987.15625,1808.90429688,-56619.9179688,99235.0390625
1583.33830776,148,-103827.984375,-82590.078125,-57489.0664062,113052.914062,-78949.671875,1952.82727051,-56415.4453125,98911.6796875
1583.34038937,149,-103388.890625,-82514.6171875,-57719.2890625,109046.15625,-79203.65625,1740.73156738,-56696.6757812,94833.671875
1583.34230816,150,-103178.625,-82575.3046875,-57868.265625,106752.335938,-79428.53125,1442.60388184,-57078.5546875,92563.515625
1583.34415154,151,-103532.71875,-82752.015625,-57789.140625,109170.75,-79399.703125,1385.94226074,-57102.6953125,95069.8125
1583.34599513,152,-104039.210938,-82823.1171875,-57575.703125,113198.84375,-79163.484375,1650.43041992,-56711.9414062,99127.015625
1583.34784116,153,-104009.617188,-82728.7265625,-57575.5664062,112924.210938,-79121.9765625,1800.90234375,-56503.21875,98777.4765625
1583.34964814,154,-103565.445312,-82643.609375,-57801.9453125,108906.617188,-79372.6328125,1592.24890137,-56785.9257812,94695.15625
1583.35157693,155,-103357.75,-82700.203125,-57949.6679688,106642.945312,-79595.4140625,1298.03283691,-57165.078125,92453.7890625
1583.35339864,156,-103712.71875,-82868.6640625,-57865.671875,109093.789062,-79558.6640625,1249.9095459,-57177.2617188,94991.9375
1583.35520744,157,-104213.21875,-82932.8828125,-57652.6601562,113095.15625,-79319.9921875,1514.0625,-56784.6523438,99025.734375
1583.35702879,158,-104178.398438,-82834.3125,-57654.9179688,112778.320312,-79280.5234375,1655.41491699,-56584.984375,98636.4375
1583.35899081,159,-103735.828125,-82754.8515625,-57886.0351562,108765.21875,-79541.8125,1429.75170898,-56881.03125,94549.3515625
1583.36097143,160,-103521.789062,-82798.59375,-58015.359375,106515.960938,-79752.40625,1140.90014648,-57252.4960938,92318.359375
1583.36278168,161,-103878.992188,-82960.5078125,-57920.5429688,108994.90625,-79714.9453125,1087.859375,-57267.3828125,94886.9140625
1583.3646209,162,-104379.226562,-83019.25,-57701.1640625,112969.875,-79479.2734375,1343.33984375,-56882.7539062,98892.96875
1583.39802739,163,-104328.625,-82901.796875,-57685.8515625,112546.304688,-79430.3671875,1489.40844727,-56683.3984375,98394.1875
1583.39997244,164,-103865.921875,-82791.5546875,-57886.4804688,108458.148438,-79669.8671875,1281.67138672,-56969.6328125,94238.265625
1583.40196196,165,-103667.234375,-82854.921875,-58031.7890625,106270.898438,-79907.375,964.209533691,-57374.1132812,92074.078125
1583.40382675,166,-104024.257812,-83011.0703125,-57924.5664062,108784.867188,-79857.3984375,923.082336426,-57381.4882812,94677.046875
1583.40563815,167,-104515.210938,-83062.2109375,-57699.4414062,112734.78125,-79615.7734375,1185.38000488,-56994.578125,98658.390625
1583.40743871,168,-104457.5,-82946.65625,-57688.4882812,112271.78125,-79576.1640625,1323.60327148,-56809.2148438,98121.609375
1583.4093949,169,-103998.328125,-82843.4296875,-57887.8007812,108197.578125,-79814.8828125,1111.97692871,-57101.7109375,93978.515625
1583.4114399,170,-103785.5,-82875.5078125,-57987.8476562,106010.789062,-80004.9140625,836.581115723,-57468.0546875,91817.75
1583.41330036,171,-104153.359375,-83039.6171875,-57879.4414062,108574.851562,-79960.2109375,785.753234863,-57487.3242188,94474.859375
1583.41514712,172,-104658.734375,-83114.6015625,-57673.0,112552.921875,-79744.9921875,1022.21234131,-57128.6445312,98481.8984375
1583.4169405,173,-104602.054688,-83008.390625,-57667.859375,112065.945312,-79713.3828125,1151.33837891,-56956.0429688,97916.9140625
1583.4187631,174,-104148.515625,-82913.1953125,-57866.765625,108036.445312,-79956.3671875,934.95111084,-57252.7851562,93820.1953125
1583.42066731,175,-103940.664062,-82951.4140625,-57968.625,105920.132812,-80148.9765625,655.420227051,-57621.3203125,91729.3671875
1583.42249621,176,-104315.367188,-83121.8671875,-57866.2304688,108558.109375,-80109.6796875,606.045227051,-57640.3671875,94459.5
1583.42432224,177,-104807.601562,-83180.6796875,-57647.9648438,112497.46875,-79881.6015625,859.223388672,-57268.2773438,98425.3046875
1583.45752858,178,-104731.914062,-83052.1953125,-57624.9648438,111921.085938,-79834.0859375,1002.00634766,-57082.7773438,97773.75
1583.45951608,179,-104282.445312,-82959.328125,-57830.2226562,107886.976562,-80089.2265625,771.716308594,-57393.9375,93678.484375
1583.46148644,180,-104092.609375,-83014.9140625,-57949.8710938,105846.148438,-80302.328125,475.063964844,-57776.21875,91665.640625
1583.46341554,181,-104462.242188,-83172.5859375,-57833.7304688,108521.320312,-80244.4140625,447.124298096,-57769.1328125,94432.7890625
1583.46528689,182,-104941.507812,-83213.15625,-57599.7539062,112418.859375,-79998.6171875,721.693115234,-57375.0039062,98356.1953125
1583.46707818,183,-104861.890625,-83088.2734375,-57586.8984375,111785.835938,-79964.0390625,853.501342773,-57204.3945312,97644.3359375
1583.46890521,184,-104400.773438,-82982.75,-57776.53125,107724.96875,-80201.8359375,640.355102539,-57503.953125,93517.6015625
1583.4707777,185,-104203.65625,-83021.5546875,-57872.4453125,105700.039062,-80389.75,369.161407471,-57865.7617188,91521.0703125
1583.47264608,186,-104580.210938,-83177.2578125,-57751.6757812,108406.742188,-80328.796875,343.658081055,-57859.8828125,94314.2109375
1583.47442623,187,-105066.5625,-83231.6796875,-57535.78125,112292.101562,-80100.359375,599.94317627,-57484.53125,98221.34375
1583.4762556,188,-104966.789062,-83093.3046875,-57511.4648438,111561.648438,-80052.953125,742.59197998,-57306.296875,97410.578125
1583.47804039,189,-104498.8125,-82986.75,-57700.8945312,107454.695312,-80292.8046875,523.097900391,-57620.2695312,93238.5390625
1583.47989517,190,-104314.96875,-83042.71875,-57810.953125,105459.375,-80498.1796875,226.333770752,-58015.6953125,91270.7578125
1583.48177657,191,-104692.085938,-83199.0234375,-57685.984375,108174.195312,-80428.8203125,198.639953613,-58021.53125,94073.578125
1583.4835799,192,-105169.609375,-83246.4140625,-57468.5039062,112005.460938,-80200.4921875,443.704467773,-57665.421875,97926.7265625
1583.48548307,193,-105085.585938,-83137.0234375,-57475.1875,111264.210938,-80195.578125,538.967590332,-57532.8320312,97108.046875
1583.51969284,194,-104608.375,-83017.53125,-57647.6289062,107099.234375,-80426.6953125,326.938964844,-57835.8320312,92876.6640625
1583.52163705,195,-104421.851562,-83064.71875,-57748.1679688,105092.742188,-80630.453125,33.7958374023,-58223.1875,90898.5078125
1583.52349689,196,-104793.828125,-83205.734375,-57606.0546875,107781.25,-80557.3671875,13.3663434982,-58214.2460938,93676.25
1583.52532006,197,-105267.304688,-83247.375,-57385.3085938,111567.367188,-80338.15625,251.390075684,-57862.1601562,97484.09375
1583.5271538,198,-105167.820312,-83118.2734375,-57379.8789062,110740.335938,-80323.8125,350.788269043,-57735.2695312,96578.21875
1583.52895755,199,-104688.351562,-82995.4921875,-57551.875,106536.859375,-80559.953125,120.900588989,-58062.390625,92309.265625
1583.53085322,200,-104494.71875,-83023.6796875,-57626.7070312,104510.5625,-80743.4453125,-165.671127319,-58442.1679688,90311.1953125
1583.53268118,201,-104875.726562,-83167.625,-57485.8710938,107239.0,-80676.2109375,-200.808074951,-58445.3398438,93128.0078125
1583.53449268,202,-105349.875,-83210.515625,-57266.4414062,110985.640625,-80459.0390625,28.4314193726,-58102.734375,96898.34375
1583.53631231,203,-105252.398438,-83087.109375,-57265.5507812,110088.015625,-80456.828125,105.232009888,-57996.25,95921.078125
1583.53809283,204,-104778.40625,-82968.9140625,-57437.7460938,105853.703125,-80703.2734375,-143.989944458,-58341.359375,91620.8984375
1583.54009079,205,-104598.945312,-83006.3125,-57515.3515625,103864.601562,-80899.7265625,-451.304077148,-58738.3046875,89661.1640625
1583.54190365,206,-104995.132812,-83158.2109375,-57374.0664062,106632.375,-80841.03125,-501.215515137,-58751.15625,92523.5
1583.54376145,207,-105472.851562,-83207.5390625,-57154.9960938,110371.328125,-80633.09375,-288.561035156,-58418.6992188,96280.9921875
1583.54556139,208,-105364.179688,-83076.3359375,-57143.0625,109410.742188,-80624.0625,-210.911056519,-58310.0234375,95238.4140625
1583.57961216,209,-104898.90625,-82965.875,-57315.8632812,105208.835938,-80873.078125,-469.36428833,-58661.4609375,90971.6015625
1583.58174408,210,-104734.664062,-83010.828125,-57391.9921875,103282.875,-81069.6015625,-779.315917969,-59061.890625,89073.0
1583.58356735,211,-105143.078125,-83167.3515625,-57247.4453125,106090.96875,-81004.6640625,-827.03692627,-59073.0664062,91971.859375
1583.58552485,212,-105621.804688,-83205.6171875,-57012.0117188,109811.859375,-80774.7578125,-594.265808105,-58722.546875,95711.6015625
1583.58732645,213,-105530.070312,-83090.53125,-57012.9296875,108877.625,-80778.671875,-528.216430664,-58624.4023438,94696.2734375
1583.58924692,214,-105085.140625,-83001.171875,-57197.265625,104748.992188,-81039.1796875,-794.023376465,-58984.6679688,90505.6328125
1583.59112576,215,-104935.539062,-83062.546875,-57276.6132812,102909.625,-81233.8203125,-1102.07507324,-59383.6015625,88699.5703125
1583.59294393,216,-105359.375,-83237.203125,-57139.7773438,105822.078125,-81172.796875,-1146.35388184,-59390.796875,91704.4921875
1583.59480132,217,-105851.914062,-83297.6640625,-56923.2773438,109603.90625,-80956.34375,-913.493469238,-59041.5078125,95509.3203125
1583.59659007,218,-105766.796875,-83195.3828125,-56933.0,108691.234375,-80959.984375,-836.983398438,-58932.8554688,94516.03125
1583.59843084,219,-105331.296875,-83111.03125,-57114.921875,104620.132812,-81207.5078125,-1081.53381348,-59270.3203125,90383.5703125
1583.60029266,220,-105204.09375,-83190.8203125,-57208.4179688,102905.617188,-81404.359375,-1381.87426758,-59656.5585938,88699.65625
1583.60222088,221,-105645.992188,-83380.34375,-57084.3007812,105932.984375,-81339.921875,-1410.70800781,-59644.5585938,91817.75
1583.60402019,222,-106137.796875,-83440.046875,-56865.4960938,109735.757812,-81107.375,-1149.46081543,-59265.515625,95640.609375
1583.60586779,223,-106025.859375,-83305.484375,-56840.1523438,108766.203125,-81059.5390625,-1012.44464111,-59101.9453125,94588.2265625
1583.63905215,224,-105595.835938,-83231.3046875,-57033.0898438,104765.710938,-81307.3515625,-1249.17199707,-59433.3320312,90532.65625
1583.64107772,225,-105480.695312,-83324.8203125,-57139.0820312,103160.25,-81503.375,-1535.47546387,-59803.2539062,88962.671875
1583.6429536,226,-105927.015625,-83515.6171875,-57017.265625,106265.023438,-81427.46875,-1539.23059082,-59761.4335938,92158.3203125
1583.64476218,227,-106416.1875,-83579.34375,-56810.3125,110091.703125,-81192.171875,-1260.99597168,-59361.40625,96001.2578125
1583.64662827,228,-106319.359375,-83482.2890625,-56836.0585938,109172.15625,-81181.578125,-1147.56091309,-59220.0546875,95001.28125
1583.64842144,229,-105881.445312,-83401.734375,-57023.3476562,105206.171875,-81398.953125,-1344.47973633,-59514.2695312,90974.6875
1583.65029883,230,-105769.617188,-83501.109375,-57136.8476562,103701.03125,-81580.9609375,-1607.69396973,-59867.6054688,89511.09375
1583.65210106,231,-106219.046875,-83698.5234375,-57024.1523438,106915.96875,-81487.578125,-1586.34802246,-59812.3515625,92815.2578125
1583.65393554,232,-106695.828125,-83752.9921875,-56818.2695312,110772.5625,-81223.9375,-1272.86474609,-59389.5234375,96684.1484375
1583.65575959,233,-106596.140625,-83663.3359375,-56862.8828125,109872.90625,-81210.6796875,-1147.27038574,-59239.3632812,95700.046875
1583.6575625,234,-106155.5,-83582.7421875,-57056.9179688,105958.507812,-81418.171875,-1322.03857422,-59511.2304688,91725.1015625
1583.65942984,235,-106022.859375,-83648.8984375,-57141.4765625,104471.789062,-81550.0234375,-1523.71838379,-59803.859375,90273.84375
1583.66149171,236,-106455.007812,-83818.796875,-57010.6484375,107698.773438,-81424.2109375,-1452.97509766,-59694.6914062,93594.5546875
1583.66333561,237,-106926.226562,-83871.546875,-56816.75,111547.835938,-81165.265625,-1124.71740723,-59250.9414062,97458.8125
1583.66513805,238,-106810.851562,-83768.3046875,-56859.2617188,110622.023438,-81145.1484375,-972.479675293,-59070.609375,96452.15625
1583.7001372,239,-106365.828125,-83698.921875,-57074.9101562,106723.054688,-81369.421875,-1146.08569336,-59336.328125,92496.75
1583.70201047,240,-106224.789062,-83763.6796875,-57162.84375,105275.796875,-81496.2265625,-1326.84423828,-59595.1601562,91085.546875
1583.70386942,241,-106645.804688,-83929.7265625,-57033.0,108546.460938,-81361.6484375,-1232.6763916,-59448.734375,94448.703125
1583.7056965,242,-107099.054688,-83976.640625,-56843.2578125,112367.671875,-81093.8984375,-888.995910645,-58985.3164062,98287.1953125
1583.707533,243,-106950.015625,-83844.5,-56862.2773438,111350.15625,-81031.8203125,-697.530883789,-58774.3828125,97186.859375
1583.70933529,244,-106489.234375,-83762.0703125,-57074.3320312,107430.554688,-81235.71875,-856.049438477,-59031.9414062,93209.4140625
1583.71131231,245,-106358.140625,-83845.015625,-57184.8359375,106057.328125,-81373.3359375,-1047.4921875,-59303.5820312,91871.7734375
1583.71314923,246,-106772.648438,-84000.2890625,-57048.515625,109363.867188,-81217.0078125,-927.910339355,-59138.5585938,95263.15625
1583.71496329,247,-107216.179688,-84045.375,-56871.375,113177.34375,-80948.1171875,-579.156066895,-58673.328125,99089.9765625
1583.71685104,248,-107055.804688,-83918.75,-56908.2578125,112133.273438,-80894.2265625,-387.623962402,-58460.6757812,97964.140625
1583.71866223,249,-106580.828125,-83824.71875,-57107.4570312,108227.90625,-81078.6953125,-511.027923584,-58676.28125,94003.9921875
1583.72067259,250,-106454.140625,-83908.6484375,-57221.671875,106971.3125,-81209.7421875,-675.737915039,-58910.0546875,92785.734375
